DIAG_CD_SYS_ID,AHRQ_DIAG_DTL_CATGY_NM,AHRQ_DIAG_GENL_CATGY_NM,CHRNC_FLG_NM,DIAG_CD,DIAG_DECM_CD,DIAG_DESC,DIAG_FST3_CD,DIAG_FST3_DESC,DIAG_FST4_CD,DIAG_FST4_DESC,GDR_SPEC_CD,GDR_SPEC_DESC,GENL_CAUS_TXT,MAJ_DIAG_GRP_CD,MAJ_DIAG_GRP_DESC,MAJ_DIAG_GRP_NBR,MDC_CD,LOAD_DT,UPDT_DT,HLTH_PLN_DIAG_CD,HLTH_PLN_DIAG_DESC,AHRQ_DIAG_DTL_CATGY_CD,AHRQ_DIAG_GENL_CATGY_CD,DIAG_FULL_DESC,DIAG_LNG_DESC,ICD_VER_CD
212227,225  JOINT DISORDERS AND DISLOCATI,16 INJURY AND POISONING,ACUTE DX,S83271D,S83.271D,COMPLEX TEAR LM CURR RT KNEE SUBS,S83,DISLOC SPRAIN JOINT LIGAMENTS KNEE,S832,TEAR OF MENISCUS CURRENT INJURY, ,      ,UNKNOWN CAUSE,20,UNKNOWN MDG,20,23,8/18/2015,11/6/2018,S83271D,COMPLEX TEAR LM CURR RT KNEE SUBS,225,16,"COMPLEX TEAR OF LATERAL MENISCUS, CURRENT INJURY, RIGHT KNEE, SUBSEQUENT ENCOUNTER",COMPLEX TEAR LAT MENISC CURR INJ RT KNEE SUBSQT,0
172150,181  OTHER COMPLICATIONS OF PREGNA,11 PREGNANCY CHILDBIRTH PUERP,ACUTE DX,O021   ,O02.1   ,MISSED ABORTION,O02,OTHER ABNORMAL PRODUCTS CONCEPTION,O021,MISSED ABORTION,F,FEMALE,UNKNOWN CAUSE,20,UNKNOWN MDG,20,14,8/18/2015,11/6/2018,O021   ,MISSED ABORTION,181,11,MISSED ABORTION,MISSED ABORTION,0
172115,175  OTHER FEMALE GENITAL DISORDER,10 GENITOURINARY SYSTEM,ACUTE DX,N882   ,N88.2   ,STRICTURE & STENOSIS CERVIX UTERI,N88,OTH NONINFLAMMATORY D/O CERV UTERI,N882,STRICTURE & STENOSIS CERVIX UTERI,F,FEMALE,UNKNOWN CAUSE,20,UNKNOWN MDG,20,13,8/18/2015,11/6/2018,N882   ,STRICTURE & STENOSIS CERVIX UTERI,175,10,STRICTURE AND STENOSIS OF CERVIX UTERI,STRICTURE AND STENOSIS OF CERVIX UTERI,0
178773,190  FETAL DISTRESS AND ABNORMAL F,11 PREGNANCY CHILDBIRTH PUERP,ACUTE DX,O629   ,O62.9   ,ABNORMALITY FORCES LABOR UNS,O62,ABNORMALITIES OF FORCES OF LABOR,O629,ABNORMALITY FORCES LABOR UNS,F,FEMALE,UNKNOWN CAUSE,20,UNKNOWN MDG,20,14,8/18/2015,11/6/2018,O629   ,ABNORMALITY FORCES LABOR UNS,190,11,"ABNORMALITY OF FORCES OF LABOR, UNSPECIFIED",ABNORMALITY OF FORCES OF LABOR UNSPECIFIED,0
153525,657  MOOD DISORDERS,05 MENTAL DISORDERS,CHRONIC DX,F329   ,F32.9   ,MAJ DEPRESS D/O SINGLE EPIS UNS,F32,MAJ DEPRESS D/O SINGLE EPISODE,F329,MAJ DEPRESS D/O SINGLE EPIS UNS, ,      ,UNKNOWN CAUSE,20,UNKNOWN MDG,20,19,8/18/2015,11/6/2018,F329   ,MAJ DEPRESS D/O SINGLE EPIS UNS,657,5,"MAJOR DEPRESSIVE DISORDER, SINGLE EPISODE, UNSPECIFIED",MAJOR DEPRESSIVE DISORDER SINGLE EPISODE UNS,0
166705,090  INFLAMMATION; INFECTION OF EY,06 NERVOUS SYS SENSE ORGANS,CHRONIC DX,H469   ,H46.9   ,UNSPECIFIED OPTIC NEURITIS,H46,OPTIC NEURITIS,H469,UNSPECIFIED OPTIC NEURITIS, ,      ,UNKNOWN CAUSE,20,UNKNOWN MDG,20,2,8/18/2015,11/6/2018,H469   ,UNSPECIFIED OPTIC NEURITIS,90,6,UNSPECIFIED OPTIC NEURITIS,UNSPECIFIED OPTIC NEURITIS,0
159609,657  MOOD DISORDERS,05 MENTAL DISORDERS,CHRONIC DX,F328   ,F32.8   ,OTHER DEPRESSIVE EPISODES,F32,MAJ DEPRESS D/O SINGLE EPISODE,F328,OTHER DEPRESSIVE EPISODES, ,      ,UNKNOWN CAUSE,20,UNKNOWN MDG,20,19,8/18/2015,11/6/2018,F328   ,OTHER DEPRESSIVE EPISODES,657,5,OTHER DEPRESSIVE EPISODES,OTHER DEPRESSIVE EPISODES,0
169251,211  OTHER CONNECTIVE TISSUE DISEA,13 MUSCULO CNCTV TISSUE,ACUTE DX,M722   ,M72.2   ,PLANTAR FASCIAL FIBROMATOSIS,M72,FIBROBLASTIC DISORDERS,M722,PLANTAR FASCIAL FIBROMATOSIS, ,      ,UNKNOWN CAUSE,20,UNKNOWN MDG,20,8,8/18/2015,11/6/2018,M722   ,PLANTAR FASCIAL FIBROMATOSIS,211,13,PLANTAR FASCIAL FIBROMATOSIS,PLANTAR FASCIAL FIBROMATOSIS,0
129668,999  UNKNOWN DIAGNOSIS,17 OTHER CONDITIONS,ACUTE DX,       ,        ,UNKNOWN DIAGNOSIS,   ,UNKNOWN DIAGNOSIS,    ,, ,      ,UNKNOWN CAUSE,UN,UNKNOWN MDG,20,0,8/18/2015,11/6/2018,       ,UNKNOWN DIAGNOSIS,999,17,UNKNOWN DIAGNOSIS,UNKNOWN DIAGNOSIS, 
296259,172  OVARIAN CYST,10 GENITOURINARY SYSTEM,ACUTE DX,N83201 ,N83.201 ,UNSPECIFIED OVARIAN CYST RIGHT SIDE,N83,NONINFL D/O OVARY TUBE BROAD LIG,N832,OTHER AND UNSPECIFIED OVARIAN CYSTS,F,FEMALE,UNKNOWN CAUSE,UN,UNKNOWN MDG,20,13,11/4/2016,11/6/2018,N83201 ,UNSPECIFIED OVARIAN CYST RIGHT SIDE,172,10,"UNSPECIFIED OVARIAN CYST, RIGHT SIDE",UNSPECIFIED OVARIAN CYST RIGHT SIDE,0
163352,127  CHRONIC OBSTRUCTIVE PULMONARY,08 RESPIRATORY SYSTEM,CHRONIC DX,J441   ,J44.1   ,COPD WITH ACUTE EXACERBATION,J44,OTHER COPD,J441,COPD WITH ACUTE EXACERBATION, ,      ,UNKNOWN CAUSE,20,UNKNOWN MDG,20,4,8/18/2015,11/6/2018,J441   ,COPD WITH ACUTE EXACERBATION,127,8,CHRONIC OBSTRUCTIVE PULMONARY DISEASE WITH (ACUTE) EXACERBATION,CHRONIC OBSTRUCTIVE PULMONARY DZ W/EXACERBATION,0
157594,657  MOOD DISORDERS,05 MENTAL DISORDERS,CHRONIC DX,F3160  ,F31.60  ,BIPOLAR CURRNT EPISODE MIXED UNS,F31,BIPOLAR DISORDER,F316,BIPOLAR CURRNT EPISODE MIXED, ,      ,UNKNOWN CAUSE,20,UNKNOWN MDG,20,19,8/18/2015,11/6/2018,F3160  ,BIPOLAR CURRNT EPISODE MIXED UNS,657,5,"BIPOLAR DISORDER, CURRENT EPISODE MIXED, UNSPECIFIED",BIPOLAR DISORDER CURRENT EPISODE MIXED UNS,0
