GNRC_THRPTC_CLSS_CD_SYS_ID,GNRC_THERAPEUTIC_CLSS_CD,GNRC_THERAPEUTIC_CLSS_DESC,LOAD_DT,UPDT_DT
27,38,CARDIAC DRUGS,10/8/2012,11/6/2018
29,50,COUGH/COLD PREPARATIONS,10/8/2012,11/6/2018
45,22,ANTIFUNGALS,10/8/2012,11/6/2018
30,56,DIURETICS,10/8/2012,11/6/2018
34,77,MUSCLE RELAXANTS,10/8/2012,11/6/2018
26,32,AUTONOMIC DRUGS,10/8/2012,11/6/2018
23,14,ANTIASTHMATICS,10/8/2012,11/6/2018
7,41,CARDIOVASCULAR,10/8/2012,11/6/2018
5,29,ANTIPARKINSON DRUGS,10/8/2012,11/6/2018
21,2,ANALGESICS,10/8/2012,11/6/2018
36,89,THYROID PREPS,10/8/2012,11/6/2018
14,80,PSYCHOTHERAPEUTIC DRUGS,10/8/2012,11/6/2018
43,19,ANTIBIOTICS,10/8/2012,11/6/2018
8,47,CONTRACEPTIVES,10/8/2012,11/6/2018
35,83,SEDATIVE/HYPNOTICS,10/8/2012,11/6/2018
2,11,ANTIARTHRITICS,10/8/2012,11/6/2018
11,65,GASTROINTESTINAL,10/8/2012,11/6/2018
10,59,ELECT/CALORIC/H2O,10/8/2012,11/6/2018
18,97,SMOKING DETERRENTS,10/8/2012,11/6/2018
13,74,"MISCELLANEOUS MEDICAL SUPPLIES, DEVICES, NON-",10/8/2012,11/6/2018
15,86,SKIN PREPS,10/8/2012,11/6/2018
4,23,ANTIINFECTIVES/MISCELLANEOUS,10/8/2012,11/6/2018
44,21,ANTIVIRALS,10/8/2012,11/6/2018
28,44,CNS DRUGS,10/8/2012,11/6/2018
12,71,ANTIHYPERGLYCEMICS,10/8/2012,11/6/2018
48,34,COLONY STIMULATING FACTORS,7/7/2014,11/6/2018
19,99,UNCLASSIFIED DRUG PRODUCTS,10/8/2012,11/6/2018
1,5,ANESTHETICS,10/8/2012,11/6/2018
3,17,ANTIHISTAMINES,10/8/2012,11/6/2018
31,62,EENT PREPS,10/8/2012,11/6/2018
38,95,VITAMINS,10/8/2012,11/6/2018
33,72,IMMUNOSUPPRESSANTS,10/8/2012,11/6/2018
32,68,HORMONES,10/8/2012,11/6/2018
