NDC_DRG_SYS_ID,DRG_STRGTH_UNIT_DESC,DRG_STRGTH_NBR,BRND_NM,GNRC_NM,EXT_AHFS_THRPTC_CLSS_CD,EXT_AHFS_THRPTC_CLSS_DESC,LOAD_DT,UPDT_DT,NDC,DOSAGE_FM_DESC
432793,mg,10,AMITRIPTYLINE HCL,amitriptyline HCl,28160428,"TRICYCLICS, OTHER NOREPI-RU INHIBITORS",10/11/2018,11/6/2018,378261001,TABLET    
733469,mg,20,ATORVASTATIN CALCIUM,atorvastatin calcium,24060800,HMG-COA REDUCTASE INHIBITORS,10/11/2018,11/6/2018,68645045954,TABLET    
572989,mg/3 day,1,SCOPOLAMINE,scopolamine,56229200,"ANTIEMETICS, MISCELLANEOUS",10/11/2018,11/6/2018,45802058084,PATCH TD 3
538416,mg,800,ACYCLOVIR,acyclovir,8183200,NUCLEOSIDE AND NUCLEOTIDE ANTIVIRALS,10/11/2018,11/6/2018,31722077801,TABLET    
518328,mg,100,QUETIAPINE FUMARATE,quetiapine fumarate,28160804,ATYPICAL ANTIPSYCHOTICS,10/11/2018,11/6/2018,16714045401,TABLET    
734360,mg,100,GABAPENTIN,gabapentin,28129200,"ANTICONVULSANTS, MISCELLANEOUS",10/11/2018,11/6/2018,69097081312,CAPSULE   
512103,mg,5,DEXTROAMPHETAMINE-AMPHETAMINE,dextroamphetamine/amphetamine,28200400,AMPHETAMINES,10/11/2018,11/6/2018,13107006801,TABLET    
512604,mg,20,CITALOPRAM HBR,citalopram hydrobromide,28160420,SELECTIVE-SEROTONIN REUPTAKE INHIBITORS,10/11/2018,11/6/2018,13668001001,TABLET    
539341,mg,50,LOSARTAN POTASSIUM,losartan potassium,24320800,ANGIOTENSIN II RECEPTOR ANTAGONISTS,10/11/2018,11/6/2018,33342004510,TABLET    
411083,mg,400,AMOXICILLIN,amoxicillin,8121608,AMINOPENICILLIN ANTIBIOTICS,10/11/2018,11/6/2018,143988775,SUSP RECON
729691,mg,500,CEPHALEXIN,cephalexin,8120604,1ST GENERATION CEPHALOSPORIN ANTIBIOTICS,10/11/2018,11/6/2018,68180012202,CAPSULE   
647358,mg,20,ATORVASTATIN CALCIUM,atorvastatin calcium,24060800,HMG-COA REDUCTASE INHIBITORS,10/11/2018,11/6/2018,55111012290,TABLET    
515590,mg,250,CIPROFLOXACIN HCL,ciprofloxacin HCl,8121800,QUINOLONE ANTIBIOTICS,10/11/2018,11/6/2018,16252051401,TABLET    
407039,mg,250,MYCOPHENOLATE MOFETIL,mycophenolate mofetil,92440000,IMMUNOSUPPRESSIVE AGENTS,10/11/2018,11/6/2018,93733405,CAPSULE   
590721,,0,LIDOCAINE HCL VISCOUS,lidocaine HCl,52160000,LOCAL ANESTHETICS (EENT),10/11/2018,11/6/2018,50383077504,SOLUTION  
451263,mcg,17,ATROVENT HFA,ipratropium bromide,12080800,ANTIMUSCARINICS/ANTISPASMODICS,10/11/2018,11/6/2018,597008717,HFA AER AD
713768,mg,500,AMOXICILLIN,amoxicillin,8121608,AMINOPENICILLIN ANTIBIOTICS,10/11/2018,11/6/2018,65862001705,CAPSULE   
624185,,0,SULFAMETHOXAZOLE-TRIMETHOPRIM,sulfamethoxazole/trimethoprim,8122000,SULFONAMIDE ANTIBIOTICS (SYSTEMIC),10/11/2018,11/6/2018,53746027101,TABLET    
729924,mg,100,QUETIAPINE FUMARATE,quetiapine fumarate,28160804,ATYPICAL ANTIPSYCHOTICS,10/11/2018,11/6/2018,68180044701,TABLET    
407110,mg,10,MONTELUKAST SODIUM,montelukast sodium,48102400,LEUKOTRIENE MODIFIERS,10/11/2018,11/6/2018,93742698,TABLET    
405426,,0,ACETAMINOPHEN-CODEINE,acetaminophen with codeine,28080800,OPIATE AGONISTS,10/11/2018,11/6/2018,93015010,TABLET    
432328,mg,10,CYCLOBENZAPRINE HCL,cyclobenzaprine HCl,12200400,CENTRALLY ACTING SKELETAL MUSCLE RELAXNT,10/11/2018,11/6/2018,378075110,TABLET    
460334,mg,0.25,ALPRAZOLAM,alprazolam,28240800,"BENZODIAZEPINES (ANXIOLYTIC,SEDATIV/HYP)",10/11/2018,11/6/2018,781106105,TABLET    
691752,,0,SULFAMETHOXAZOLE-TRIMETHOPRIM,sulfamethoxazole/trimethoprim,8122000,SULFONAMIDE ANTIBIOTICS (SYSTEMIC),10/11/2018,11/6/2018,61971012005,TABLET    
605688,,0,NYSTATIN-TRIAMCINOLONE,nystatin/triamcin,84040828,POLYENES (SKIN AND MUCOUS MEMBRANE),10/11/2018,11/6/2018,51672126302,CREAM (G) 
710550,mg,10,METHYLPHENIDATE HCL,methylphenidate HCl,28203200,RESPIRATORY AND CNS STIMULANTS,10/11/2018,11/6/2018,64720023810,TABLET    
683309,mg,100,CELECOXIB,celecoxib,28080408,CYCLOOXYGENASE-2 (COX-2) INHIBITORS,10/11/2018,11/6/2018,60505384801,CAPSULE   
417431,,0,SYMBICORT,budesonide/formoterol fumarate,48100808,ORALLY INHALED PREPARATIONS (STEROIDS),10/11/2018,11/6/2018,186037020,HFA AER AD
714114,mg,8,ONDANSETRON ODT,ondansetron,56222000,5-HT3 RECEPTOR ANTAGONISTS,10/11/2018,11/6/2018,65862039110,TAB RAPDIS
460354,mg,0.5,ALPRAZOLAM,alprazolam,28240800,"BENZODIAZEPINES (ANXIOLYTIC,SEDATIV/HYP)",10/11/2018,11/6/2018,781107701,TABLET    
451859,,0,PROMETHAZINE-DM,promethazine/dextromethorphan,48080000,ANTITUSSIVES,10/11/2018,11/6/2018,603158658,SYRUP     
539399,,0,VALSARTAN-HYDROCHLOROTHIAZIDE,valsartan/hydrochlorothiazide,24320800,ANGIOTENSIN II RECEPTOR ANTAGONISTS,10/11/2018,11/6/2018,33342007510,TABLET    
433478,mg,100,SUMATRIPTAN SUCCINATE,sumatriptan succinate,28322800,SELECTIVE SEROTONIN AGONISTS,10/11/2018,11/6/2018,378563259,TABLET    
744907,mg,500,CEPHALEXIN,cephalexin,8120604,1ST GENERATION CEPHALOSPORIN ANTIBIOTICS,10/11/2018,11/6/2018,76439010250,CAPSULE   
723378,mg,4,METHYLPREDNISOLONE,methylprednisolone,68040000,ADRENALS,10/11/2018,11/6/2018,68001000501,TAB DS PK 
734398,mg,100,SERTRALINE HCL,sertraline HCl,28160420,SELECTIVE-SEROTONIN REUPTAKE INHIBITORS,10/11/2018,11/6/2018,69097083512,TABLET    
686243,,0,TOBRAMYCIN-DEXAMETHASONE,tobramycin/dexamethasone,52040400,ANTIBACTERIALS (EENT),10/11/2018,11/6/2018,61314064725,DROPS SUSP
393971,mg,40,RELPAX,eletriptan hydrobromide,28322800,SELECTIVE SEROTONIN AGONISTS,10/11/2018,11/6/2018,49234045,TABLET    
624146,,0,OXYCODONE-ACETAMINOPHEN,oxycodone HCl/acetaminophen,28080800,OPIATE AGONISTS,10/11/2018,11/6/2018,53746020301,TABLET    
538216,mg,50,TOPIRAMATE,topiramate,28129200,"ANTICONVULSANTS, MISCELLANEOUS",10/11/2018,11/6/2018,31722027960,TABLET    
732903,mg,20,OMEPRAZOLE,omeprazole,56283600,PROTON-PUMP INHIBITORS,10/11/2018,11/6/2018,68462023190,CAPSULE DR
682804,mcg,50,FLUTICASONE PROPIONATE,fluticasone propionate,52080800,CORTICOSTEROIDS (EENT),10/11/2018,11/6/2018,60505082901,SPRAY SUSP
518743,mg,0.5,CLONAZEPAM,clonazepam,28120800,BENZODIAZEPINES (ANTICONVULSANTS),10/11/2018,11/6/2018,16729013616,TABLET    
734752,mg,1,LORAZEPAM,lorazepam,28240800,"BENZODIAZEPINES (ANXIOLYTIC,SEDATIV/HYP)",10/11/2018,11/6/2018,69315090505,TABLET    
394130,mg,2.5,MARINOL,dronabinol,56229200,"ANTIEMETICS, MISCELLANEOUS",10/11/2018,11/6/2018,51002121,CAPSULE   
396395,,0,CIPRODEX,ciprofloxacin HCl/dexameth,52040400,ANTIBACTERIALS (EENT),10/11/2018,11/6/2018,65853302,DROPS SUSP
723624,mg,50,DICLOFENAC SODIUM,diclofenac sodium,28080492,OTHER NONSTEROIDAL ANTI-INFLAM. AGENTS,10/11/2018,11/6/2018,68001028000,TABLET DR 
535603,mg,4,TIZANIDINE HCL,tizanidine HCl,12200400,CENTRALLY ACTING SKELETAL MUSCLE RELAXNT,10/11/2018,11/6/2018,29300016915,TABLET    
589213,mg,500,AZITHROMYCIN,azithromycin,8121292,OTHER MACROLIDE ANTIBIOTICS,10/11/2018,11/6/2018,50111078810,TABLET    
394931,mg,2,DEXAMETHASONE,dexamethasone,68040000,ADRENALS,10/11/2018,11/6/2018,54418325,TABLET    
394405,mg,20,PREDNISONE,prednisone,68040000,ADRENALS,10/11/2018,11/6/2018,54001829,TABLET    
518491,mg,40,SIMVASTATIN,simvastatin,24060800,HMG-COA REDUCTASE INHIBITORS,10/11/2018,11/6/2018,16714068402,TABLET    
734362,mg,300,GABAPENTIN,gabapentin,28129200,"ANTICONVULSANTS, MISCELLANEOUS",10/11/2018,11/6/2018,69097081412,CAPSULE   
522009,,0,TOBRAMYCIN,tobramycin,52040400,ANTIBACTERIALS (EENT),10/11/2018,11/6/2018,17478029010,DROPS     
444852,mcg,50,LEVOTHYROXINE SODIUM,levothyroxine sodium,68360400,THYROID AGENTS,10/11/2018,11/6/2018,527134210,TABLET    
405356,mg,10,ZOLPIDEM TARTRATE,zolpidem tartrate,28249200,"ANXIOLYTICS,SEDATIVES,AND HYPNOTICS,MISC",10/11/2018,11/6/2018,93007401,TABLET    
729702,mg,20,ESCITALOPRAM OXALATE,escitalopram oxalate,28160420,SELECTIVE-SEROTONIN REUPTAKE INHIBITORS,10/11/2018,11/6/2018,68180013601,TABLET    
432544,mg,10,DICYCLOMINE HCL,dicyclomine HCl,12080800,ANTIMUSCARINICS/ANTISPASMODICS,10/11/2018,11/6/2018,378161005,CAPSULE   
713876,mg,250,CIPROFLOXACIN HCL,ciprofloxacin HCl,8121800,QUINOLONE ANTIBIOTICS,10/11/2018,11/6/2018,65862007601,TABLET    
735143,mg,500,CEPHALEXIN,cephalexin,8120604,1ST GENERATION CEPHALOSPORIN ANTIBIOTICS,10/11/2018,11/6/2018,69543010250,CAPSULE   
516058,mg,50,DICLOFENAC SODIUM,diclofenac sodium,28080492,OTHER NONSTEROIDAL ANTI-INFLAM. AGENTS,10/11/2018,11/6/2018,16571020210,TABLET DR 
436607,,0,ACETAMINOPHEN-CODEINE,acetaminophen with codeine,28080800,OPIATE AGONISTS,10/11/2018,11/6/2018,406048301,TABLET    
421320,mg,0.25,ALPRAZOLAM ODT,alprazolam,28240800,"BENZODIAZEPINES (ANXIOLYTIC,SEDATIV/HYP)",10/11/2018,11/6/2018,228401911,TAB RAPDIS
448417,mg,15,DEXTROAMPHETAMINE-AMPHETAMINE,dextroamphetamine/amphetamine,28200400,AMPHETAMINES,10/11/2018,11/6/2018,555077702,TABLET    
432324,mg,20,FLUOXETINE HCL,fluoxetine HCl,28160420,SELECTIVE-SEROTONIN REUPTAKE INHIBITORS,10/11/2018,11/6/2018,378073501,TABLET    
518066,mg,25,HYDROXYZINE HCL,hydroxyzine HCl,28249200,"ANXIOLYTICS,SEDATIVES,AND HYPNOTICS,MISC",10/11/2018,11/6/2018,16714008210,TABLET    
714113,mg,4,ONDANSETRON ODT,ondansetron,56222000,5-HT3 RECEPTOR ANTAGONISTS,10/11/2018,11/6/2018,65862039010,TAB RAPDIS
433915,mg,2.5,ALBUTEROL SULFATE,albuterol sulfate,12120812,SELECTIVE BETA-2-ADRENERGIC AGONISTS,10/11/2018,11/6/2018,378827052,VIAL-NEB  
731247,mg,20,OMEPRAZOLE,omeprazole,56283600,PROTON-PUMP INHIBITORS,10/11/2018,11/6/2018,68382041205,CAPSULE DR
535576,mg,0.1,CLONIDINE HCL,clonidine HCl,24081600,CENTRAL ALPHA-AGONISTS,10/11/2018,11/6/2018,29300013510,TABLET    
409366,,0,GUAIFENESIN-CODEINE,codeine phosphate/guaifenesin,48080000,ANTITUSSIVES,10/11/2018,11/6/2018,121077504,LIQUID    
729701,mg,10,ESCITALOPRAM OXALATE,escitalopram oxalate,28160420,SELECTIVE-SEROTONIN REUPTAKE INHIBITORS,10/11/2018,11/6/2018,68180013501,TABLET    
713877,mg,500,CIPROFLOXACIN HCL,ciprofloxacin HCl,8121800,QUINOLONE ANTIBIOTICS,10/11/2018,11/6/2018,65862007701,TABLET    
569818,mg,60,PROPRANOLOL HCL ER,propranolol HCl,24240000,BETA-ADRENERGIC BLOCKING AGENTS,10/11/2018,11/6/2018,43478090088,CAP SA 24H
453658,,0,TRI-PREVIFEM,norgestimate-ethinyl estradiol,68120000,CONTRACEPTIVES,10/11/2018,11/6/2018,603766317,TABLET    
624138,mg,500,NAPROXEN,naproxen,28080492,OTHER NONSTEROIDAL ANTI-INFLAM. AGENTS,10/11/2018,11/6/2018,53746019010,TABLET    
411667,,0,TRIAMCINOLONE ACETONIDE,triamcinolone acetonide,84060800,"CORTICOSTEROIDS (SKIN, MUCOUS MEMBRANE)",10/11/2018,11/6/2018,168000480,CREAM (G) 
723097,,0,SILVER SULFADIAZINE,silver sulfadiazine,84049200,"LOCAL ANTI-INFECTIVES, MISCELLANEOUS",10/11/2018,11/6/2018,67877012450,CREAM (G) 
692954,,0,HYDROCODONE-CHLORPHENIRAMNE ER,hydrocodone/chlorphen p-stirex,48080000,ANTITUSSIVES,10/11/2018,11/6/2018,62175049064,SUS ER 12H
450095,mg,20,DICYCLOMINE HCL,dicyclomine HCl,12080800,ANTIMUSCARINICS/ANTISPASMODICS,10/11/2018,11/6/2018,591079510,TABLET    
451327,mg,10,JARDIANCE,empagliflozin,68201800,SODIUM-GLUC COTRANSPORT 2 (SGLT2) INHIB,10/11/2018,11/6/2018,597015290,TABLET    
692963,mg,40,PANTOPRAZOLE SODIUM,pantoprazole sodium,56283600,PROTON-PUMP INHIBITORS,10/11/2018,11/6/2018,62175061743,TABLET DR 
444840,mg,10,BACLOFEN,baclofen,12201200,GABA-DERIVATIVE SKELETAL MUSCLE RELAXANT,10/11/2018,11/6/2018,527133010,TABLET    
535566,mg,25,HYDROCHLOROTHIAZIDE,hydrochlorothiazide,40282000,THIAZIDE DIURETICS,10/11/2018,11/6/2018,29300012810,TABLET    
730202,,0,ENSKYCE,desogestrel-ethinyl estradiol,68120000,CONTRACEPTIVES,10/11/2018,11/6/2018,68180088213,TABLET    
518762,mg,100,QUETIAPINE FUMARATE,quetiapine fumarate,28160804,ATYPICAL ANTIPSYCHOTICS,10/11/2018,11/6/2018,16729014701,TABLET    
713763,mg,875,AMOXICILLIN,amoxicillin,8121608,AMINOPENICILLIN ANTIBIOTICS,10/11/2018,11/6/2018,65862001501,TABLET    
730188,,0,BLISOVI FE,norethindrone-e.estradiol-iron,68120000,CONTRACEPTIVES,10/11/2018,11/6/2018,68180086613,TABLET    
710497,mg,30,DEXTROAMPHETAMINE-AMPHETAMINE,dextroamphetamine/amphetamine,28200400,AMPHETAMINES,10/11/2018,11/6/2018,64720013610,TABLET    
518716,mg,250,MYCOPHENOLATE MOFETIL,mycophenolate mofetil,92440000,IMMUNOSUPPRESSIVE AGENTS,10/11/2018,11/6/2018,16729009416,CAPSULE   
406093,,0,AMOXICILLIN-CLAVULANATE POTASS,amoxicillin/potassium clav,8121608,AMINOPENICILLIN ANTIBIOTICS,10/11/2018,11/6/2018,93227534,TABLET    
609629,gram,17,POLYETHYLENE GLYCOL 3350,polyethylene glycol 3350,56120000,CATHARTICS AND LAXATIVES,10/11/2018,11/6/2018,51991045757,POWDER    
432504,mg,240,VERAPAMIL ER,verapamil HCl,24289200,"CALCIUM-CHANNEL BLOCKING AGENTS, MISC.",10/11/2018,11/6/2018,378141105,TABLET ER 
432749,mg,0.5,LORAZEPAM,lorazepam,28240800,"BENZODIAZEPINES (ANXIOLYTIC,SEDATIV/HYP)",10/11/2018,11/6/2018,378232105,TABLET    
573126,mg,25,PROMETHAZINE HCL,promethazine HCl,4041200,PHENOTHIAZINE DERIVATIVES,10/11/2018,11/6/2018,45802075930,SUPP.RECT 
516055,mg,75,DICLOFENAC SODIUM,diclofenac sodium,28080492,OTHER NONSTEROIDAL ANTI-INFLAM. AGENTS,10/11/2018,11/6/2018,16571020111,TABLET DR 
432546,mg,20,DICYCLOMINE HCL,dicyclomine HCl,12080800,ANTIMUSCARINICS/ANTISPASMODICS,10/11/2018,11/6/2018,378162005,TABLET    
450359,mg,54,METHYLPHENIDATE ER,methylphenidate HCl,28203200,RESPIRATORY AND CNS STIMULANTS,10/11/2018,11/6/2018,591271801,TAB ER 24 
734678,,0,LARISSIA,levonorgestrel-ethin estradiol,68120000,CONTRACEPTIVES,10/11/2018,11/6/2018,69238153106,TABLET    
659480,mg,300,CEFDINIR,cefdinir,8120612,3RD GENERATION CEPHALOSPORIN ANTIBIOTICS,10/11/2018,11/6/2018,57237009960,CAPSULE   
606717,,0,MICROGESTIN FE,norethindrone-e.estradiol-iron,68120000,CONTRACEPTIVES,10/11/2018,11/6/2018,51862029206,TABLET    
714134,,0,SULFAMETHOXAZOLE-TRIMETHOPRIM,sulfamethoxazole/trimethoprim,8122000,SULFONAMIDE ANTIBIOTICS (SYSTEMIC),10/11/2018,11/6/2018,65862041901,TABLET    
676661,mg,600,OXAPROZIN,oxaprozin,28080492,OTHER NONSTEROIDAL ANTI-INFLAM. AGENTS,10/11/2018,11/6/2018,59762600201,TABLET    
659374,mg,30,DULOXETINE HCL,duloxetine HCl,28160416,"SEL.SEROTONIN,NOREPI REUPTAKE INHIBITOR",10/11/2018,11/6/2018,57237001899,CAPSULE DR
675661,mg,10,PROCHLORPERAZINE MALEATE,prochlorperazine maleate,56220800,ANTIHISTAMINES (GI DRUGS),10/11/2018,11/6/2018,59746011506,TABLET    
714143,mg,1000,VALACYCLOVIR,valacyclovir HCl,8183200,NUCLEOSIDE AND NUCLEOTIDE ANTIVIRALS,10/11/2018,11/6/2018,65862044990,TABLET    
713879,mg,250,TERBINAFINE HCL,terbinafine HCl,8140400,ALLYLAMINE ANTIFUNGALS,10/11/2018,11/6/2018,65862007930,TABLET    
416773,mg,100,ORPHENADRINE CITRATE,orphenadrine citrate,12209200,"SKELETAL MUSCLE RELAXANTS, MISCELLANEOUS",10/11/2018,11/6/2018,185002201,TABLET ER 
417214,gram,4,CHOLESTYRAMINE LIGHT,cholestyramine/aspartame,24060400,BILE ACID SEQUESTRANTS,10/11/2018,11/6/2018,185093997,POWDER    
723334,mg,5,DRONABINOL,dronabinol,56229200,"ANTIEMETICS, MISCELLANEOUS",10/11/2018,11/6/2018,67877056960,CAPSULE   
518807,mg,25,HYDROCHLOROTHIAZIDE,hydrochlorothiazide,40282000,THIAZIDE DIURETICS,10/11/2018,11/6/2018,16729018317,TABLET    
647556,mg,500,LEVOFLOXACIN,levofloxacin,8121800,QUINOLONE ANTIBIOTICS,10/11/2018,11/6/2018,55111028050,TABLET    
730914,mg,37.5,VENLAFAXINE HCL ER,venlafaxine HCl,28160416,"SEL.SEROTONIN,NOREPI REUPTAKE INHIBITOR",10/11/2018,11/6/2018,68382003406,CAP ER 24H
583053,mg,0.3,EPIPEN 2-PAK,epinephrine,12121200,ALPHA- AND BETA-ADRENERGIC AGONISTS,10/11/2018,11/6/2018,49502050002,AUTO INJCT
538414,mg,400,ACYCLOVIR,acyclovir,8183200,NUCLEOSIDE AND NUCLEOTIDE ANTIVIRALS,10/11/2018,11/6/2018,31722077701,TABLET    
731229,mg,300,BUPROPION XL,bupropion HCl,28160492,"ANTIDEPRESSANTS, MISCELLANEOUS",10/11/2018,11/6/2018,68382035405,TAB ER 24H
711979,mg,1,FOLIC ACID,folic acid,88080000,VITAMIN B COMPLEX,10/11/2018,11/6/2018,65162036111,TABLET    
572926,,0,ECONAZOLE NITRATE,econazole nitrate,84040808,AZOLES (SKIN AND MUCOUS MEMBRANE),10/11/2018,11/6/2018,45802046611,CREAM (G) 
518347,,0,AMOXICILLIN-CLAVULANATE POTASS,amoxicillin/potassium clav,8121608,AMINOPENICILLIN ANTIBIOTICS,10/11/2018,11/6/2018,16714047801,TABLET    
647832,mg,800,IBU,ibuprofen,28080492,OTHER NONSTEROIDAL ANTI-INFLAM. AGENTS,10/11/2018,11/6/2018,55111068405,TABLET    
589177,mg,20,FLUOXETINE HCL,fluoxetine HCl,28160420,SELECTIVE-SEROTONIN REUPTAKE INHIBITORS,10/11/2018,11/6/2018,50111064803,CAPSULE   
461994,,0,ISIBLOOM,desogestrel-ethinyl estradiol,68120000,CONTRACEPTIVES,10/11/2018,11/6/2018,781406615,TABLET    
570150,mg,10,CYCLOBENZAPRINE HCL,cyclobenzaprine HCl,12200400,CENTRALLY ACTING SKELETAL MUSCLE RELAXNT,10/11/2018,11/6/2018,43547040011,TABLET    
647356,mg,10,ATORVASTATIN CALCIUM,atorvastatin calcium,24060800,HMG-COA REDUCTASE INHIBITORS,10/11/2018,11/6/2018,55111012190,TABLET    
401997,mg/24 hour,0.05,VIVELLE-DOT,estradiol,68160400,ESTROGENS,10/11/2018,11/6/2018,78034442,PATCH TDSW
694753,mg,100,SUMATRIPTAN SUCCINATE,sumatriptan succinate,28322800,SELECTIVE SEROTONIN AGONISTS,10/11/2018,11/6/2018,62756052269,TABLET    
710549,mg,5,METHYLPHENIDATE HCL,methylphenidate HCl,28203200,RESPIRATORY AND CNS STIMULANTS,10/11/2018,11/6/2018,64720023710,TABLET    
702148,,0,VOLTAREN,diclofenac sodium,28080492,OTHER NONSTEROIDAL ANTI-INFLAM. AGENTS,10/11/2018,11/6/2018,63481068447,GEL (GRAM)
734612,mg,600,IBUPROFEN,ibuprofen,28080492,OTHER NONSTEROIDAL ANTI-INFLAM. AGENTS,10/11/2018,11/6/2018,69238110205,TABLET    
616849,mg,10,CYCLOBENZAPRINE HCL,cyclobenzaprine HCl,12200400,CENTRALLY ACTING SKELETAL MUSCLE RELAXNT,10/11/2018,11/6/2018,52817033200,TABLET    
683311,mg,200,CELECOXIB,celecoxib,28080408,CYCLOOXYGENASE-2 (COX-2) INHIBITORS,10/11/2018,11/6/2018,60505384901,CAPSULE   
450092,mg,10,DICYCLOMINE HCL,dicyclomine HCl,12080800,ANTIMUSCARINICS/ANTISPASMODICS,10/11/2018,11/6/2018,591079401,CAPSULE   
411664,,0,TRIAMCINOLONE ACETONIDE,triamcinolone acetonide,84060800,"CORTICOSTEROIDS (SKIN, MUCOUS MEMBRANE)",10/11/2018,11/6/2018,168000415,CREAM (G) 
732760,mg,8,ONDANSETRON HCL,ondansetron HCl,56222000,5-HT3 RECEPTOR ANTAGONISTS,10/11/2018,11/6/2018,68462010630,TABLET    
605687,,0,NYSTATIN-TRIAMCINOLONE,nystatin/triamcin,84040828,POLYENES (SKIN AND MUCOUS MEMBRANE),10/11/2018,11/6/2018,51672126301,CREAM (G) 
452595,,0,HYDROCODONE-ACETAMINOPHEN,hydrocodone/acetaminophen,28080800,OPIATE AGONISTS,10/11/2018,11/6/2018,603389021,TABLET    
609559,mg,10,RIZATRIPTAN,rizatriptan benzoate,28322800,SELECTIVE SEROTONIN AGONISTS,10/11/2018,11/6/2018,51991035578,TABLET    
609827,mg,60,DULOXETINE HCL,duloxetine HCl,28160416,"SEL.SEROTONIN,NOREPI REUPTAKE INHIBITOR",10/11/2018,11/6/2018,51991074810,CAPSULE DR
452889,mg,4,METHYLPREDNISOLONE,methylprednisolone,68040000,ADRENALS,10/11/2018,11/6/2018,603459315,TAB DS PK 
405740,mg,25,NORTRIPTYLINE HCL,nortriptyline HCl,28160428,"TRICYCLICS, OTHER NOREPI-RU INHIBITORS",10/11/2018,11/6/2018,93081101,CAPSULE   
432199,,0,DIPHENOXYLATE-ATROPINE,diphenoxylate HCl/atropine,56080000,ANTIDIARRHEA AGENTS,10/11/2018,11/6/2018,378041510,TABLET    
732806,mg,50,TOPIRAMATE,topiramate,28129200,"ANTICONVULSANTS, MISCELLANEOUS",10/11/2018,11/6/2018,68462015360,TABLET    
647415,mg,20,OMEPRAZOLE,omeprazole,56283600,PROTON-PUMP INHIBITORS,10/11/2018,11/6/2018,55111015810,CAPSULE DR
462132,mcg,100,LEVOTHYROXINE SODIUM,levothyroxine sodium,68360400,THYROID AGENTS,10/11/2018,11/6/2018,781518492,TABLET    
733550,mg,600,IBUPROFEN,ibuprofen,28080492,OTHER NONSTEROIDAL ANTI-INFLAM. AGENTS,10/11/2018,11/6/2018,68645053059,TABLET    
692977,mg,20,ATORVASTATIN CALCIUM,atorvastatin calcium,24060800,HMG-COA REDUCTASE INHIBITORS,10/11/2018,11/6/2018,62175089146,TABLET    
406722,mg,0.5,BUDESONIDE,budesonide,48100808,ORALLY INHALED PREPARATIONS (STEROIDS),10/11/2018,11/6/2018,93681673,AMPUL-NEB 
450501,,0,BUTALBITAL-ASPIRIN-CAFFEINE,butalbital/aspirin/caffeine,28080424,SALICYLATES,10/11/2018,11/6/2018,591321901,CAPSULE   
451724,,0,CHERATUSSIN AC,codeine phosphate/guaifenesin,48080000,ANTITUSSIVES,10/11/2018,11/6/2018,603107558,LIQUID    
717986,,0,AMOXICILLIN-CLAVULANATE POTASS,amoxicillin/potassium clav,8121608,AMINOPENICILLIN ANTIBIOTICS,10/11/2018,11/6/2018,66685100100,TABLET    
674131,mcg,90,PROAIR HFA,albuterol sulfate,12120812,SELECTIVE BETA-2-ADRENERGIC AGONISTS,10/11/2018,11/6/2018,59310057922,HFA AER AD
564715,mg,30,MORPHINE SULFATE ER,morphine sulfate,28080800,OPIATE AGONISTS,10/11/2018,11/6/2018,42858080201,TABLET ER 
408726,mg,5,ZOLMITRIPTAN,zolmitriptan,28322800,SELECTIVE SEROTONIN AGONISTS,10/11/2018,11/6/2018,115067250,TABLET    
406715,mg,40,ESOMEPRAZOLE MAGNESIUM,esomeprazole magnesium,56283600,PROTON-PUMP INHIBITORS,10/11/2018,11/6/2018,93645198,CAPSULE DR
532002,,0,LATANOPROST,latanoprost,52402800,PROSTAGLANDIN ANALOGS,10/11/2018,11/6/2018,24208046325,DROPS     
647562,mg,25,SUMATRIPTAN SUCCINATE,sumatriptan succinate,28322800,SELECTIVE SEROTONIN AGONISTS,10/11/2018,11/6/2018,55111029136,TABLET    
471283,mg,5,BISACODYL,bisacodyl,56120000,CATHARTICS AND LAXATIVES,10/11/2018,11/6/2018,904792780,TABLET DR 
413555,,0,ADVAIR DISKUS,fluticasone/salmeterol,48100808,ORALLY INHALED PREPARATIONS (STEROIDS),10/11/2018,11/6/2018,173069500,BLST W/DEV
647683,mg,50,METOPROLOL SUCCINATE,metoprolol succinate,24240000,BETA-ADRENERGIC BLOCKING AGENTS,10/11/2018,11/6/2018,55111046701,TAB ER 24H
713754,mg,50,SERTRALINE HCL,sertraline HCl,28160420,SELECTIVE-SEROTONIN REUPTAKE INHIBITORS,10/11/2018,11/6/2018,65862001205,TABLET    
732967,,0,CLOTRIMAZOLE-BETAMETHASONE,clotrimazole/betamethasone dip,84040808,AZOLES (SKIN AND MUCOUS MEMBRANE),10/11/2018,11/6/2018,68462029817,CREAM (G) 
448603,,0,SPRINTEC,norgestimate-ethinyl estradiol,68120000,CONTRACEPTIVES,10/11/2018,11/6/2018,555901658,TABLET    
451938,mg,300,ALLOPURINOL,allopurinol,92160000,ANTIGOUT AGENTS,10/11/2018,11/6/2018,603211628,TABLET    
731073,mg,0.4,TAMSULOSIN HCL,tamsulosin HCl,12160412,SELECTIVE ALPHA-1-ADRENERGIC BLOCK.AGENT,10/11/2018,11/6/2018,68382013201,CAPSULE   
647394,mg,150,FLUCONAZOLE,fluconazole,8140800,AZOLE ANTIFUNGALS,10/11/2018,11/6/2018,55111014512,TABLET    
734613,mg,800,IBUPROFEN,ibuprofen,28080492,OTHER NONSTEROIDAL ANTI-INFLAM. AGENTS,10/11/2018,11/6/2018,69238110305,TABLET    
731423,mg,30,MORPHINE SULFATE ER,morphine sulfate,28080800,OPIATE AGONISTS,10/11/2018,11/6/2018,68382090401,TABLET ER 
573446,mg,300,BUPROPION XL,bupropion HCl,28160492,"ANTIDEPRESSANTS, MISCELLANEOUS",10/11/2018,11/6/2018,45963014230,TAB ER 24H
452189,mg,0.5,CLONAZEPAM,clonazepam,28120800,BENZODIAZEPINES (ANTICONVULSANTS),10/11/2018,11/6/2018,603294832,TABLET    
518446,mg,10,ZOLPIDEM TARTRATE,zolpidem tartrate,28249200,"ANXIOLYTICS,SEDATIVES,AND HYPNOTICS,MISC",10/11/2018,11/6/2018,16714062202,TABLET    
433995,mcg/1 hour,25,FENTANYL,fentanyl,28080800,OPIATE AGONISTS,10/11/2018,11/6/2018,378912198,PATCH TD72
450219,,0,HYDROCODONE-ACETAMINOPHEN,hydrocodone/acetaminophen,28080800,OPIATE AGONISTS,10/11/2018,11/6/2018,591217205,TABLET    
647568,mg,100,SUMATRIPTAN SUCCINATE,sumatriptan succinate,28322800,SELECTIVE SEROTONIN AGONISTS,10/11/2018,11/6/2018,55111029336,TABLET    
733171,,0,IMIQUIMOD,imiquimod,84920000,"SKIN AND MUCOUS MEMBRANE AGENTS, MISC.",10/11/2018,11/6/2018,68462053670,CREAM PACK
535059,mg,5,ZOLMITRIPTAN,zolmitriptan,28322800,SELECTIVE SEROTONIN AGONISTS,10/11/2018,11/6/2018,27241002238,TABLET    
461170,,0,AMOXICILLIN-CLAVULANATE POTASS,amoxicillin/potassium clav,8121608,AMINOPENICILLIN ANTIBIOTICS,10/11/2018,11/6/2018,781185220,TABLET    
733488,mg,600,IBUPROFEN,ibuprofen,28080492,OTHER NONSTEROIDAL ANTI-INFLAM. AGENTS,10/11/2018,11/6/2018,68645047559,TABLET    
575599,mg,100,NITROFURANTOIN,nitrofurantoin macrocrystal,8360000,URINARY ANTI-INFECTIVES,10/11/2018,11/6/2018,47781030801,CAPSULE   
647684,mg,50,METOPROLOL SUCCINATE,metoprolol succinate,24240000,BETA-ADRENERGIC BLOCKING AGENTS,10/11/2018,11/6/2018,55111046705,TAB ER 24H
564651,mg,5,OXYCODONE HCL,oxycodone HCl,28080800,OPIATE AGONISTS,10/11/2018,11/6/2018,42858000101,TABLET    
734749,mg,0.5,LORAZEPAM,lorazepam,28240800,"BENZODIAZEPINES (ANXIOLYTIC,SEDATIV/HYP)",10/11/2018,11/6/2018,69315090405,TABLET    
723174,mg,200,QUETIAPINE FUMARATE,quetiapine fumarate,28160804,ATYPICAL ANTIPSYCHOTICS,10/11/2018,11/6/2018,67877024601,TABLET    
459131,,0,CICLOPIROX,ciclopirox,84040820,"HYDROXYPYRIDONES (SKIN, MUCOUS MEMBRANE)",10/11/2018,11/6/2018,713031788,SOLUTION  
730097,mg,300,CEFDINIR,cefdinir,8120612,3RD GENERATION CEPHALOSPORIN ANTIBIOTICS,10/11/2018,11/6/2018,68180071160,CAPSULE   
734610,mg,100,DOXYCYCLINE HYCLATE,doxycycline hyclate,8122400,TETRACYCLINE ANTIBIOTICS,10/11/2018,11/6/2018,69238110005,CAPSULE   
460814,mg,250,AZITHROMYCIN,azithromycin,8121292,OTHER MACROLIDE ANTIBIOTICS,10/11/2018,11/6/2018,781149668,TABLET    
515597,mg,20,PRAVASTATIN SODIUM,pravastatin sodium,24060800,HMG-COA REDUCTASE INHIBITORS,10/11/2018,11/6/2018,16252052750,TABLET    
527905,mg,10,RIZATRIPTAN,rizatriptan benzoate,28322800,SELECTIVE SEROTONIN AGONISTS,10/11/2018,11/6/2018,23155024546,TABLET    
433178,mg,500,VALACYCLOVIR,valacyclovir HCl,8183200,NUCLEOSIDE AND NUCLEOTIDE ANTIVIRALS,10/11/2018,11/6/2018,378427593,TABLET    
733146,,0,CALCIPOTRIENE,calcipotriene,84920000,"SKIN AND MUCOUS MEMBRANE AGENTS, MISC.",10/11/2018,11/6/2018,68462050165,CREAM (G) 
406275,mg,400,AMOXICILLIN,amoxicillin,8121608,AMINOPENICILLIN ANTIBIOTICS,10/11/2018,11/6/2018,93416173,SUSP RECON
411832,,0,CLOBETASOL PROPIONATE,clobetasol propionate,84060800,"CORTICOSTEROIDS (SKIN, MUCOUS MEMBRANE)",10/11/2018,11/6/2018,168016315,CREAM (G) 
589018,mg,100,TRAZODONE HCL,trazodone HCl,28160424,SEROTONIN MODULATORS,10/11/2018,11/6/2018,50111043401,TABLET    
518841,mg,50,SERTRALINE HCL,sertraline HCl,28160420,SELECTIVE-SEROTONIN REUPTAKE INHIBITORS,10/11/2018,11/6/2018,16729021616,TABLET    
433177,mg,500,VALACYCLOVIR,valacyclovir HCl,8183200,NUCLEOSIDE AND NUCLEOTIDE ANTIVIRALS,10/11/2018,11/6/2018,378427577,TABLET    
412499,mg,10,DIAZEPAM,diazepam,28240800,"BENZODIAZEPINES (ANXIOLYTIC,SEDATIV/HYP)",10/11/2018,11/6/2018,172392770,TABLET    
733587,mg,50,LOSARTAN POTASSIUM,losartan potassium,24320800,ANGIOTENSIN II RECEPTOR ANTAGONISTS,10/11/2018,11/6/2018,68645057854,TABLET    
729854,mg,50,SERTRALINE HCL,sertraline HCl,28160420,SELECTIVE-SEROTONIN REUPTAKE INHIBITORS,10/11/2018,11/6/2018,68180035209,TABLET    
535214,,0,HYDROCODONE-ACETAMINOPHEN,hydrocodone/acetaminophen,28080800,OPIATE AGONISTS,10/11/2018,11/6/2018,27808003702,TABLET    
606576,,0,MICROGESTIN FE,norethindrone-e.estradiol-iron,68120000,CONTRACEPTIVES,10/11/2018,11/6/2018,51862001206,TABLET    
496369,mg,10,OXYCODONE HCL,oxycodone HCl,28080800,OPIATE AGONISTS,10/11/2018,11/6/2018,10702005601,TABLET    
613684,,0,MONONESSA,norgestimate-ethinyl estradiol,68120000,CONTRACEPTIVES,10/11/2018,11/6/2018,52544024728,TABLET    
413543,mcg,90,VENTOLIN HFA,albuterol sulfate,12120812,SELECTIVE BETA-2-ADRENERGIC AGONISTS,10/11/2018,11/6/2018,173068220,HFA AER AD
719199,mg,500,AMOXICILLIN,amoxicillin,8121608,AMINOPENICILLIN ANTIBIOTICS,10/11/2018,11/6/2018,67253015050,CAPSULE   
420952,mg,75,DICLOFENAC SODIUM,diclofenac sodium,28080492,OTHER NONSTEROIDAL ANTI-INFLAM. AGENTS,10/11/2018,11/6/2018,228255106,TABLET DR 
496306,mg,25,PROMETHAZINE HCL,promethazine HCl,4041200,PHENOTHIAZINE DERIVATIVES,10/11/2018,11/6/2018,10702000350,TABLET    
714190,,0,AMOXICILLIN-CLAVULANATE POTASS,amoxicillin/potassium clav,8121608,AMINOPENICILLIN ANTIBIOTICS,10/11/2018,11/6/2018,65862050320,TABLET    
394404,mg,20,PREDNISONE,prednisone,68040000,ADRENALS,10/11/2018,11/6/2018,54001825,TABLET    
723333,mg,2.5,DRONABINOL,dronabinol,56229200,"ANTIEMETICS, MISCELLANEOUS",10/11/2018,11/6/2018,67877056860,CAPSULE   
512095,,0,ACETAMINOPHEN-CODEINE,acetaminophen with codeine,28080800,OPIATE AGONISTS,10/11/2018,11/6/2018,13107005999,TABLET    
406533,mg,100,PROGESTERONE,"progesterone, micronized",68320000,PROGESTINS,10/11/2018,11/6/2018,93535301,CAPSULE   
432593,mcg,100,LEVOTHYROXINE SODIUM,levothyroxine sodium,68360400,THYROID AGENTS,10/11/2018,11/6/2018,378180910,TABLET    
647408,mg,4,ONDANSETRON HCL,ondansetron HCl,56222000,5-HT3 RECEPTOR ANTAGONISTS,10/11/2018,11/6/2018,55111015330,TABLET    
729711,mg,250,AZITHROMYCIN,azithromycin,8121292,OTHER MACROLIDE ANTIBIOTICS,10/11/2018,11/6/2018,68180016013,TABLET    
451948,mg,0.5,ALPRAZOLAM,alprazolam,28240800,"BENZODIAZEPINES (ANXIOLYTIC,SEDATIV/HYP)",10/11/2018,11/6/2018,603212828,TABLET    
719380,mg,1,ALPRAZOLAM,alprazolam,28240800,"BENZODIAZEPINES (ANXIOLYTIC,SEDATIV/HYP)",10/11/2018,11/6/2018,67253090211,TABLET    
676396,mg,250,AZITHROMYCIN,azithromycin,8121292,OTHER MACROLIDE ANTIBIOTICS,10/11/2018,11/6/2018,59762306001,TABLET    
408978,mg,100,ORPHENADRINE CITRATE,orphenadrine citrate,12209200,"SKELETAL MUSCLE RELAXANTS, MISCELLANEOUS",10/11/2018,11/6/2018,115201101,TABLET ER 
384498,mg,75,TAMIFLU,oseltamivir phosphate,8182800,NEURAMINIDASE INHIBITOR ANTIVIRALS,10/11/2018,11/6/2018,4080085,CAPSULE   
730108,mg,5,AMLODIPINE BESYLATE,amlodipine besylate,24280800,DIHYDROPYRIDINES,10/11/2018,11/6/2018,68180075103,TABLET    
731172,mg,100,BENZONATATE,benzonatate,48080000,ANTITUSSIVES,10/11/2018,11/6/2018,68382024705,CAPSULE   
432647,mg,300,BUPROPION XL,bupropion HCl,28160492,"ANTIDEPRESSANTS, MISCELLANEOUS",10/11/2018,11/6/2018,378200905,TAB ER 24H
573559,mg,30,DEXTROAMPHETAMINE-AMPHETAMINE,dextroamphetamine/amphetamine,28200400,AMPHETAMINES,10/11/2018,11/6/2018,45963074911,TABLET    
676242,mg,200,CELECOXIB,celecoxib,28080408,CYCLOOXYGENASE-2 (COX-2) INHIBITORS,10/11/2018,11/6/2018,59762151701,CAPSULE   
732759,mg,4,ONDANSETRON HCL,ondansetron HCl,56222000,5-HT3 RECEPTOR ANTAGONISTS,10/11/2018,11/6/2018,68462010530,TABLET    
405738,mg,10,NORTRIPTYLINE HCL,nortriptyline HCl,28160428,"TRICYCLICS, OTHER NOREPI-RU INHIBITORS",10/11/2018,11/6/2018,93081001,CAPSULE   
723158,mg,300,GABAPENTIN,gabapentin,28129200,"ANTICONVULSANTS, MISCELLANEOUS",10/11/2018,11/6/2018,67877022305,CAPSULE   
448610,,0,JUNEL FE,norethindrone-e.estradiol-iron,68120000,CONTRACEPTIVES,10/11/2018,11/6/2018,555902658,TABLET    
518351,mg,50,TRAMADOL HCL,tramadol HCl,28080800,OPIATE AGONISTS,10/11/2018,11/6/2018,16714048103,TABLET    
417218,gram,4,CHOLESTYRAMINE,cholestyramine (with sugar),24060400,BILE ACID SEQUESTRANTS,10/11/2018,11/6/2018,185094098,POWD PACK 
574865,mg,240,DILTIAZEM 24HR ER,diltiazem HCl,24289200,"CALCIUM-CHANNEL BLOCKING AGENTS, MISC.",10/11/2018,11/6/2018,47335067781,CAP ER 24H
659372,mg,30,DULOXETINE HCL,duloxetine HCl,28160416,"SEL.SEROTONIN,NOREPI REUPTAKE INHIBITOR",10/11/2018,11/6/2018,57237001830,CAPSULE DR
518680,mg,1,TACROLIMUS,tacrolimus,92440000,IMMUNOSUPPRESSIVE AGENTS,10/11/2018,11/6/2018,16729004201,CAPSULE   
417195,mg,5,DEXTROAMPHETAMINE-AMPHETAMINE,dextroamphetamine/amphetamine,28200400,AMPHETAMINES,10/11/2018,11/6/2018,185083101,TABLET    
623364,mg,100,DOXYCYCLINE HYCLATE,doxycycline hyclate,8122400,TETRACYCLINE ANTIBIOTICS,10/11/2018,11/6/2018,53489011905,CAPSULE   
739614,mg,200,FLUCONAZOLE,fluconazole,8140800,AZOLE ANTIFUNGALS,10/11/2018,11/6/2018,70710114003,TABLET    
449303,gram,17,POLYETHYLENE GLYCOL 3350,polyethylene glycol 3350,56120000,CATHARTICS AND LAXATIVES,10/11/2018,11/6/2018,574041207,POWD PACK 
732851,mg,500,NAPROXEN,naproxen,28080492,OTHER NONSTEROIDAL ANTI-INFLAM. AGENTS,10/11/2018,11/6/2018,68462019005,TABLET    
496395,mg,20,METHYLPHENIDATE HCL,methylphenidate HCl,28203200,RESPIRATORY AND CNS STIMULANTS,10/11/2018,11/6/2018,10702010201,TABLET    
462439,mg,500,AZITHROMYCIN,azithromycin,8121292,OTHER MACROLIDE ANTIBIOTICS,10/11/2018,11/6/2018,781578903,TABLET    
713286,,0,MOVIPREP,peg3350/sod sul/NaCl/KCl/asb/C,56120000,CATHARTICS AND LAXATIVES,10/11/2018,11/6/2018,65649020175,POWD PACK 
734393,mg,25,SERTRALINE HCL,sertraline HCl,28160420,SELECTIVE-SEROTONIN REUPTAKE INHIBITORS,10/11/2018,11/6/2018,69097083305,TABLET    
436642,mg,5,OXYCODONE HCL,oxycodone HCl,28080800,OPIATE AGONISTS,10/11/2018,11/6/2018,406055201,TABLET    
682935,mg,40,ATORVASTATIN CALCIUM,atorvastatin calcium,24060800,HMG-COA REDUCTASE INHIBITORS,10/11/2018,11/6/2018,60505258009,TABLET    
417197,mg,10,DEXTROAMPHETAMINE-AMPHETAMINE,dextroamphetamine/amphetamine,28200400,AMPHETAMINES,10/11/2018,11/6/2018,185084201,TABLET    
450477,,0,PODOFILOX,podofilox,84920000,"SKIN AND MUCOUS MEMBRANE AGENTS, MISC.",10/11/2018,11/6/2018,591320413,SOLUTION  
592596,mg/24 hour,7,NICOTINE PATCH,nicotine,12920000,"AUTONOMIC DRUGS, MISCELLANEOUS",10/11/2018,11/6/2018,50428338618,PATCH TD24
410680,,0,BUTALBITAL-ACETAMINOPHEN-CAFFE,butalb/acetaminophen/caffeine,28089200,"ANALGESICS AND ANTIPYRETICS, MISC.",10/11/2018,11/6/2018,143178701,TABLET    
730184,,0,BLISOVI 24 FE,norethindrone-e.estradiol-iron,68120000,CONTRACEPTIVES,10/11/2018,11/6/2018,68180086413,TABLET    
588938,mg,500,METRONIDAZOLE,metronidazole,8309200,"ANTIPROTOZOALS, MISCELLANEOUS",10/11/2018,11/6/2018,50111033402,TABLET    
402050,mg/24 hour,0.025,VIVELLE-DOT,estradiol,68160400,ESTROGENS,10/11/2018,11/6/2018,78036542,PATCH TDSW
730248,mg,20,LISINOPRIL,lisinopril,24320400,ANGIOTENSIN-CONVERTING ENZYME INHIBITORS,10/11/2018,11/6/2018,68180098103,TABLET    
410999,mg,10,PREDNISONE,prednisone,68040000,ADRENALS,10/11/2018,11/6/2018,143973910,TABLET    
538367,mg,500,VALACYCLOVIR,valacyclovir HCl,8183200,NUCLEOSIDE AND NUCLEOTIDE ANTIVIRALS,10/11/2018,11/6/2018,31722070430,TABLET    
451325,mg,10,JARDIANCE,empagliflozin,68201800,SODIUM-GLUC COTRANSPORT 2 (SGLT2) INHIB,10/11/2018,11/6/2018,597015230,TABLET    
594267,mg,36,CONCERTA,methylphenidate HCl,28203200,RESPIRATORY AND CNS STIMULANTS,10/11/2018,11/6/2018,50458058601,TAB ER 24 
731437,mg,40,ELETRIPTAN HBR,eletriptan hydrobromide,28322800,SELECTIVE SEROTONIN AGONISTS,10/11/2018,11/6/2018,68382092386,TABLET    
718223,mg/3 day,1,TRANSDERM-SCOP,scopolamine,56229200,"ANTIEMETICS, MISCELLANEOUS",10/11/2018,11/6/2018,66758020854,PATCH TD 3
406879,mg,20,PRAVASTATIN SODIUM,pravastatin sodium,24060800,HMG-COA REDUCTASE INHIBITORS,10/11/2018,11/6/2018,93720110,TABLET    
535215,,0,HYDROCODONE-ACETAMINOPHEN,hydrocodone/acetaminophen,28080800,OPIATE AGONISTS,10/11/2018,11/6/2018,27808003703,TABLET    
535209,,0,HYDROCODONE-ACETAMINOPHEN,hydrocodone/acetaminophen,28080800,OPIATE AGONISTS,10/11/2018,11/6/2018,27808003503,TABLET    
461332,mg,1,TACROLIMUS,tacrolimus,92440000,IMMUNOSUPPRESSIVE AGENTS,10/11/2018,11/6/2018,781210301,CAPSULE   
461571,mg,500,AMOXICILLIN,amoxicillin,8121608,AMINOPENICILLIN ANTIBIOTICS,10/11/2018,11/6/2018,781261305,CAPSULE   
713758,mg,100,SERTRALINE HCL,sertraline HCl,28160420,SELECTIVE-SEROTONIN REUPTAKE INHIBITORS,10/11/2018,11/6/2018,65862001305,TABLET    
719374,mg,0.25,ALPRAZOLAM,alprazolam,28240800,"BENZODIAZEPINES (ANXIOLYTIC,SEDATIV/HYP)",10/11/2018,11/6/2018,67253090011,TABLET    
450915,mg,20,PREDNISONE,prednisone,68040000,ADRENALS,10/11/2018,11/6/2018,591544305,TABLET    
734415,mg,10,ESCITALOPRAM OXALATE,escitalopram oxalate,28160420,SELECTIVE-SEROTONIN REUPTAKE INHIBITORS,10/11/2018,11/6/2018,69097084805,TABLET    
538386,mg,10,MONTELUKAST SODIUM,montelukast sodium,48102400,LEUKOTRIENE MODIFIERS,10/11/2018,11/6/2018,31722072690,TABLET    
512870,mg,5,ESCITALOPRAM OXALATE,escitalopram oxalate,28160420,SELECTIVE-SEROTONIN REUPTAKE INHIBITORS,10/11/2018,11/6/2018,13668013501,TABLET    
409040,mg,160,FENOFIBRATE,fenofibrate,24060600,FIBRIC ACID DERIVATIVES,10/11/2018,11/6/2018,115552210,TABLET    
711886,,0,OXYCODONE-ACETAMINOPHEN,oxycodone HCl/acetaminophen,28080800,OPIATE AGONISTS,10/11/2018,11/6/2018,65162020710,TABLET    
594266,mg,18,CONCERTA,methylphenidate HCl,28203200,RESPIRATORY AND CNS STIMULANTS,10/11/2018,11/6/2018,50458058501,TAB ER 24 
394416,mg,250,MEFLOQUINE HCL,mefloquine HCl,8300800,ANTIMALARIALS,10/11/2018,11/6/2018,54002511,TABLET    
675682,mg,10,CYCLOBENZAPRINE HCL,cyclobenzaprine HCl,12200400,CENTRALLY ACTING SKELETAL MUSCLE RELAXNT,10/11/2018,11/6/2018,59746017710,TABLET    
585904,mg,5,METHIMAZOLE,methimazole,68360800,ANTITHYROID AGENTS,10/11/2018,11/6/2018,49884064001,TABLET    
572924,,0,KETOCONAZOLE,ketoconazole,84040808,AZOLES (SKIN AND MUCOUS MEMBRANE),10/11/2018,11/6/2018,45802046564,SHAMPOO   
433063,mg,40,ATORVASTATIN CALCIUM,atorvastatin calcium,24060800,HMG-COA REDUCTASE INHIBITORS,10/11/2018,11/6/2018,378395205,TABLET    
686192,,0,OLOPATADINE HCL,olopatadine HCl,52020000,ANTIALLERGIC AGENTS,10/11/2018,11/6/2018,61314027105,DROPS     
723251,mg,800,IBUPROFEN,ibuprofen,28080492,OTHER NONSTEROIDAL ANTI-INFLAM. AGENTS,10/11/2018,11/6/2018,67877032105,TABLET    
462357,,0,VIENVA,levonorgestrel-ethin estradiol,68120000,CONTRACEPTIVES,10/11/2018,11/6/2018,781557515,TABLET    
564261,mg,5,OXYCODONE HCL,oxycodone HCl,28080800,OPIATE AGONISTS,10/11/2018,11/6/2018,42806000501,TABLET    
412550,mg,10,BACLOFEN,baclofen,12201200,GABA-DERIVATIVE SKELETAL MUSCLE RELAXANT,10/11/2018,11/6/2018,172409680,TABLET    
714036,mg,50,LOSARTAN POTASSIUM,losartan potassium,24320800,ANGIOTENSIN II RECEPTOR ANTAGONISTS,10/11/2018,11/6/2018,65862020299,TABLET    
575558,,0,OXYCODONE-ACETAMINOPHEN,oxycodone HCl/acetaminophen,28080800,OPIATE AGONISTS,10/11/2018,11/6/2018,47781019605,TABLET    
719377,mg,0.5,ALPRAZOLAM,alprazolam,28240800,"BENZODIAZEPINES (ANXIOLYTIC,SEDATIV/HYP)",10/11/2018,11/6/2018,67253090111,TABLET    
445032,mg,500,CLARITHROMYCIN,clarithromycin,8121292,OTHER MACROLIDE ANTIBIOTICS,10/11/2018,11/6/2018,527193206,TABLET    
713957,mg,100,SUMATRIPTAN SUCCINATE,sumatriptan succinate,28322800,SELECTIVE SEROTONIN AGONISTS,10/11/2018,11/6/2018,65862014836,TABLET    
589019,mg,100,TRAZODONE HCL,trazodone HCl,28160424,SEROTONIN MODULATORS,10/11/2018,11/6/2018,50111043402,TABLET    
730186,,0,BLISOVI FE,norethindrone-e.estradiol-iron,68120000,CONTRACEPTIVES,10/11/2018,11/6/2018,68180086513,TABLET    
512605,mg,20,CITALOPRAM HBR,citalopram hydrobromide,28160420,SELECTIVE-SEROTONIN REUPTAKE INHIBITORS,10/11/2018,11/6/2018,13668001005,TABLET    
432984,mg,15,MIRTAZAPINE,mirtazapine,28160492,"ANTIDEPRESSANTS, MISCELLANEOUS",10/11/2018,11/6/2018,378351593,TABLET    
461305,mg,250,MYCOPHENOLATE MOFETIL,mycophenolate mofetil,92440000,IMMUNOSUPPRESSIVE AGENTS,10/11/2018,11/6/2018,781206701,CAPSULE   
495382,mg,240,DILTIAZEM 24HR ER,diltiazem HCl,24289200,"CALCIUM-CHANNEL BLOCKING AGENTS, MISC.",10/11/2018,11/6/2018,10370083109,CAP ER 24H
569953,mg,0.5,ROPINIROLE HCL,ropinirole HCl,28362008,NONERGOT-DERIV.DOPAMINE RECEPTOR AGONIST,10/11/2018,11/6/2018,43547026910,TABLET    
453129,mg,2.5,PREDNISONE,prednisone,68040000,ADRENALS,10/11/2018,11/6/2018,603533621,TABLET    
405750,mg,0.5,CLONAZEPAM,clonazepam,28120800,BENZODIAZEPINES (ANTICONVULSANTS),10/11/2018,11/6/2018,93083201,TABLET    
723247,mg,600,IBUPROFEN,ibuprofen,28080492,OTHER NONSTEROIDAL ANTI-INFLAM. AGENTS,10/11/2018,11/6/2018,67877032005,TABLET    
590818,,0,LIDOCAINE,lidocaine,84080000,ANTIPRURITICS AND LOCAL ANESTHETICS,10/11/2018,11/6/2018,50383093335,OINT. (G) 
660676,,0,HYDROCODONE-ACETAMINOPHEN,hydrocodone/acetaminophen,28080800,OPIATE AGONISTS,10/11/2018,11/6/2018,57664017688,TABLET    
449436,,0,BROMPHENIRAMINE-PSEUDOEPHED-DM,brompheniramine/pseudoephed/DM,48080000,ANTITUSSIVES,10/11/2018,11/6/2018,574110416,SYRUP     
566802,mg,0.125,HYOSCYAMINE SULFATE,hyoscyamine sulfate,12080800,ANTIMUSCARINICS/ANTISPASMODICS,10/11/2018,11/6/2018,43199001101,TAB SUBL  
459041,mg,25,PROCHLORPERAZINE,prochlorperazine,56220800,ANTIHISTAMINES (GI DRUGS),10/11/2018,11/6/2018,713013512,SUPP.RECT 
719378,mg,0.5,ALPRAZOLAM,alprazolam,28240800,"BENZODIAZEPINES (ANXIOLYTIC,SEDATIV/HYP)",10/11/2018,11/6/2018,67253090150,TABLET    
409359,mg,15,PREDNISOLONE SODIUM PHOSPHATE,prednisolone sod phosphate,68040000,ADRENALS,10/11/2018,11/6/2018,121075908,SOLUTION  
409148,,0,CHLORHEXIDINE GLUCONATE,chlorhexidine gluconate,52049200,"EENT ANTI-INFECTIVES, MISCELLANEOUS",10/11/2018,11/6/2018,116200116,MOUTHWASH 
388368,mcg/24 hour,7.5,ESTRING,estradiol,68160400,ESTROGENS,10/11/2018,11/6/2018,13215036,VAG RING  
439234,,0,ESTRACE,estradiol,68160400,ESTROGENS,10/11/2018,11/6/2018,430375414,CREAM/APPL
730206,,0,ENSKYCE,desogestrel-ethinyl estradiol,68120000,CONTRACEPTIVES,10/11/2018,11/6/2018,68180089113,TABLET    
496112,gram,420,PEG 3350-ELECTROLYTE,sodium chloride/NaHCO3/KCl/peg,56120000,CATHARTICS AND LAXATIVES,10/11/2018,11/6/2018,10572030201,SOLN RECON
512106,mg,20,DEXTROAMPHETAMINE-AMPHETAMINE,dextroamphetamine/amphetamine,28200400,AMPHETAMINES,10/11/2018,11/6/2018,13107007301,TABLET    
406383,mg,25,HYDROXYZINE HCL,hydroxyzine HCl,28249200,"ANXIOLYTICS,SEDATIVES,AND HYPNOTICS,MISC",10/11/2018,11/6/2018,93506105,TABLET    
405533,,0,ACETAMINOPHEN-CODEINE,acetaminophen with codeine,28080800,OPIATE AGONISTS,10/11/2018,11/6/2018,93035001,TABLET    
714186,,0,SULFAMETHOXAZOLE-TRIMETHOPRIM,sulfamethoxazole/trimethoprim,8122000,SULFONAMIDE ANTIBIOTICS (SYSTEMIC),10/11/2018,11/6/2018,65862049647,ORAL SUSP 
734476,mg,300,GABAPENTIN,gabapentin,28129200,"ANTICONVULSANTS, MISCELLANEOUS",10/11/2018,11/6/2018,69097094312,CAPSULE   
459194,mg,25,ANUCORT-HC,hydrocortisone acetate,84060800,"CORTICOSTEROIDS (SKIN, MUCOUS MEMBRANE)",10/11/2018,11/6/2018,713050324,SUPP.RECT 
675637,mg,4,METHYLPREDNISOLONE,methylprednisolone,68040000,ADRENALS,10/11/2018,11/6/2018,59746000103,TAB DS PK 
718202,mEq,10,KLOR-CON 10,potassium chloride,40120000,REPLACEMENT PREPARATIONS,10/11/2018,11/6/2018,66758016005,TABLET ER 
436499,,0,HYDROCODONE-ACETAMINOPHEN,hydrocodone/acetaminophen,28080800,OPIATE AGONISTS,10/11/2018,11/6/2018,406012301,TABLET    
697191,,0,MUPIROCIN,mupirocin,84040400,"ANTIBACTERIALS (SKIN, MUCOUS MEMBRANE)",10/11/2018,11/6/2018,62991270101,POWDER    
675677,mg,10,PREDNISONE,prednisone,68040000,ADRENALS,10/11/2018,11/6/2018,59746017310,TABLET    
461306,mg,250,MYCOPHENOLATE MOFETIL,mycophenolate mofetil,92440000,IMMUNOSUPPRESSIVE AGENTS,10/11/2018,11/6/2018,781206705,CAPSULE   
518463,mg,500,CIPROFLOXACIN HCL,ciprofloxacin HCl,8121800,QUINOLONE ANTIBIOTICS,10/11/2018,11/6/2018,16714065202,TABLET    
624021,,0,HYDROCODONE-ACETAMINOPHEN,hydrocodone/acetaminophen,28080800,OPIATE AGONISTS,10/11/2018,11/6/2018,53746010901,TABLET    
405838,,0,MUPIROCIN,mupirocin,84040400,"ANTIBACTERIALS (SKIN, MUCOUS MEMBRANE)",10/11/2018,11/6/2018,93101042,OINT. (G) 
518791,mg,10,ESCITALOPRAM OXALATE,escitalopram oxalate,28160420,SELECTIVE-SEROTONIN REUPTAKE INHIBITORS,10/11/2018,11/6/2018,16729016901,TABLET    
709757,mg,100,BENZONATATE,benzonatate,48080000,ANTITUSSIVES,10/11/2018,11/6/2018,64380071206,CAPSULE   
410785,,0,AMOXICILLIN-CLAVULANATE POTASS,amoxicillin/potassium clav,8121608,AMINOPENICILLIN ANTIBIOTICS,10/11/2018,11/6/2018,143924920,TABLET    
411861,,0,CLINDAMYCIN PHOSPHATE,clindamycin phosphate,84040400,"ANTIBACTERIALS (SKIN, MUCOUS MEMBRANE)",10/11/2018,11/6/2018,168020360,LOTION    
731392,mg,10,OXYCODONE HCL,oxycodone HCl,28080800,OPIATE AGONISTS,10/11/2018,11/6/2018,68382079401,TABLET    
685420,mg,30,MORPHINE SULFATE ER,morphine sulfate,28080800,OPIATE AGONISTS,10/11/2018,11/6/2018,60951065370,TABLET ER 
518741,mg,300,ALLOPURINOL,allopurinol,92160000,ANTIGOUT AGENTS,10/11/2018,11/6/2018,16729013516,TABLET    
527875,mg,75,BUPROPION HCL,bupropion HCl,28160492,"ANTIDEPRESSANTS, MISCELLANEOUS",10/11/2018,11/6/2018,23155019101,TABLET    
384504,mg,6,TAMIFLU,oseltamivir phosphate,8182800,NEURAMINIDASE INHIBITOR ANTIVIRALS,10/11/2018,11/6/2018,4082205,SUSP RECON
518715,mg,250,MYCOPHENOLATE MOFETIL,mycophenolate mofetil,92440000,IMMUNOSUPPRESSIVE AGENTS,10/11/2018,11/6/2018,16729009401,CAPSULE   
410991,mg,200,TESTOSTERONE CYPIONATE,testosterone cypionate,68080000,ANDROGENS,10/11/2018,11/6/2018,143972601,VIAL      
432160,mg,5,DIAZEPAM,diazepam,28240800,"BENZODIAZEPINES (ANXIOLYTIC,SEDATIV/HYP)",10/11/2018,11/6/2018,378034505,TABLET    
518826,mg,10,BUSPIRONE HCL,buspirone HCl,28249200,"ANXIOLYTICS,SEDATIVES,AND HYPNOTICS,MISC",10/11/2018,11/6/2018,16729020216,TABLET    
692979,mg,40,ATORVASTATIN CALCIUM,atorvastatin calcium,24060800,HMG-COA REDUCTASE INHIBITORS,10/11/2018,11/6/2018,62175089246,TABLET    
609862,mg,60,PROPRANOLOL HCL ER,propranolol HCl,24240000,BETA-ADRENERGIC BLOCKING AGENTS,10/11/2018,11/6/2018,51991081701,CAP SA 24H
734701,mg,20,FUROSEMIDE,furosemide,40280800,LOOP DIURETICS,10/11/2018,11/6/2018,69315011601,TABLET    
492680,mg/3 day,1,TRANSDERM-SCOP,scopolamine,56229200,"ANTIEMETICS, MISCELLANEOUS",10/11/2018,11/6/2018,10019055304,PATCH TD 3
734416,mg,20,ESCITALOPRAM OXALATE,escitalopram oxalate,28160420,SELECTIVE-SEROTONIN REUPTAKE INHIBITORS,10/11/2018,11/6/2018,69097084905,TABLET    
572869,,0,BETAMETHASONE DIPROP AUGMENTED,betamethasone/propylene glyc,84060800,"CORTICOSTEROIDS (SKIN, MUCOUS MEMBRANE)",10/11/2018,11/6/2018,45802037635,CREAM (G) 
462425,mg,250,AZITHROMYCIN,azithromycin,8121292,OTHER MACROLIDE ANTIBIOTICS,10/11/2018,11/6/2018,781577626,TABLET    
449417,mg,200,TESTOSTERONE CYPIONATE,testosterone cypionate,68080000,ANDROGENS,10/11/2018,11/6/2018,574082010,VIAL      
714137,,0,SULFAMETHOXAZOLE-TRIMETHOPRIM,sulfamethoxazole/trimethoprim,8122000,SULFONAMIDE ANTIBIOTICS (SYSTEMIC),10/11/2018,11/6/2018,65862042005,TABLET    
432245,mg,10,DIAZEPAM,diazepam,28240800,"BENZODIAZEPINES (ANXIOLYTIC,SEDATIV/HYP)",10/11/2018,11/6/2018,378047705,TABLET    
609870,,0,EPINASTINE HCL,epinastine HCl,52020000,ANTIALLERGIC AGENTS,10/11/2018,11/6/2018,51991083675,DROPS     
462017,mg,4,METHYLPREDNISOLONE,methylprednisolone,68040000,ADRENALS,10/11/2018,11/6/2018,781502207,TAB DS PK 
382259,mg,5,CIALIS,tadalafil,24121200,PHOSPHODIESTERASE TYPE 5 INHIBITORS,10/11/2018,11/6/2018,2446230,TABLET    
461427,mg,20,OMEPRAZOLE,omeprazole,56283600,PROTON-PUMP INHIBITORS,10/11/2018,11/6/2018,781223310,CAPSULE DR
411081,mg,400,AMOXICILLIN,amoxicillin,8121608,AMINOPENICILLIN ANTIBIOTICS,10/11/2018,11/6/2018,143988701,SUSP RECON
406869,mg,10,FLUOXETINE HCL,fluoxetine HCl,28160420,SELECTIVE-SEROTONIN REUPTAKE INHIBITORS,10/11/2018,11/6/2018,93718856,TABLET    
449444,gram,15,KIONEX,sodium polystyrene sulfon/sorb,40181800,POTASSIUM-REMOVING AGENTS,10/11/2018,11/6/2018,574200216,ORAL SUSP 
512069,,0,HYDROCODONE-ACETAMINOPHEN,hydrocodone/acetaminophen,28080800,OPIATE AGONISTS,10/11/2018,11/6/2018,13107002101,TABLET    
441998,mg,10,BYSTOLIC,nebivolol HCl,24240000,BETA-ADRENERGIC BLOCKING AGENTS,10/11/2018,11/6/2018,456141030,TABLET    
450094,mg,20,DICYCLOMINE HCL,dicyclomine HCl,12080800,ANTIMUSCARINICS/ANTISPASMODICS,10/11/2018,11/6/2018,591079501,TABLET    
724925,mg,0.25,DIVIGEL,estradiol,68160400,ESTROGENS,10/11/2018,11/6/2018,68025006530,GEL PACKET
512105,mg,15,DEXTROAMPHETAMINE-AMPHETAMINE,dextroamphetamine/amphetamine,28200400,AMPHETAMINES,10/11/2018,11/6/2018,13107007201,TABLET    
682582,mg,4,TIZANIDINE HCL,tizanidine HCl,12200400,CENTRALLY ACTING SKELETAL MUSCLE RELAXNT,10/11/2018,11/6/2018,60505025202,TABLET    
405337,mg,3.125,CARVEDILOL,carvedilol,24240000,BETA-ADRENERGIC BLOCKING AGENTS,10/11/2018,11/6/2018,93005105,TABLET    
453652,,0,ORSYTHIA,levonorgestrel-ethin estradiol,68120000,CONTRACEPTIVES,10/11/2018,11/6/2018,603763417,TABLET    
712033,mg,12.5,MECLIZINE HCL,meclizine HCl,56220800,ANTIHISTAMINES (GI DRUGS),10/11/2018,11/6/2018,65162044110,TABLET    
391698,,0,DYMISTA,azelastine/fluticasone,52020000,ANTIALLERGIC AGENTS,10/11/2018,11/6/2018,37024523,SPRAY/PUMP
532140,mg,5,ERYTHROMYCIN,erythromycin base,52040400,ANTIBACTERIALS (EENT),10/11/2018,11/6/2018,24208091055,OINT. (G) 
732931,mg,240,VERAPAMIL ER,verapamil HCl,24289200,"CALCIUM-CHANNEL BLOCKING AGENTS, MISC.",10/11/2018,11/6/2018,68462026005,TABLET ER 
733506,mg,40,PANTOPRAZOLE SODIUM,pantoprazole sodium,56283600,PROTON-PUMP INHIBITORS,10/11/2018,11/6/2018,68645049154,TABLET DR 
461642,mg,20,OMEPRAZOLE,omeprazole,56283600,PROTON-PUMP INHIBITORS,10/11/2018,11/6/2018,781279010,CAPSULE DR
569710,,0,HYDROCODONE-ACETAMINOPHEN,hydrocodone/acetaminophen,28080800,OPIATE AGONISTS,10/11/2018,11/6/2018,43386035201,TABLET    
723574,mg,10,MONTELUKAST SODIUM,montelukast sodium,48102400,LEUKOTRIENE MODIFIERS,10/11/2018,11/6/2018,68001024805,TABLET    
711727,,0,ACETAMINOPHEN-CODEINE,acetaminophen with codeine,28080800,OPIATE AGONISTS,10/11/2018,11/6/2018,65162003311,TABLET    
590422,mg,15,PREDNISOLONE,prednisolone,68040000,ADRENALS,10/11/2018,11/6/2018,50383004248,SOLUTION  
449435,,0,BROMPHENIRAMINE-PSEUDOEPHED-DM,brompheniramine/pseudoephed/DM,48080000,ANTITUSSIVES,10/11/2018,11/6/2018,574110404,SYRUP     
432950,mg,100,NITROFURANTOIN MONO-MACRO,nitrofurantoin monohyd/m-cryst,8360000,URINARY ANTI-INFECTIVES,10/11/2018,11/6/2018,378342201,CAPSULE   
522115,mg,100,PROGESTERONE,"progesterone, micronized",68320000,PROGESTINS,10/11/2018,11/6/2018,17478076610,CAPSULE   
496109,,0,PEG-3350 AND ELECTROLYTES,"peg3350/sod sulf,bicarb,Cl/KCl",56120000,CATHARTICS AND LAXATIVES,10/11/2018,11/6/2018,10572010001,SOLN RECON
719177,mg,500,AMOXICILLIN,amoxicillin,8121608,AMINOPENICILLIN ANTIBIOTICS,10/11/2018,11/6/2018,67253014150,CAPSULE   
515591,mg,500,CIPROFLOXACIN HCL,ciprofloxacin HCl,8121800,QUINOLONE ANTIBIOTICS,10/11/2018,11/6/2018,16252051501,TABLET    
683016,mg,100,TRAZODONE HCL,trazodone HCl,28160424,SEROTONIN MODULATORS,10/11/2018,11/6/2018,60505265405,TABLET    
713296,mg,550,XIFAXAN,rifaximin,8122830,RIFAMYCIN ANTIBIOTICS,10/11/2018,11/6/2018,65649030302,TABLET    
692295,mg,50,METOPROLOL SUCCINATE,metoprolol succinate,24240000,BETA-ADRENERGIC BLOCKING AGENTS,10/11/2018,11/6/2018,62037083110,TAB ER 24H
421166,mg,60,PROPRANOLOL HCL ER,propranolol HCl,24240000,BETA-ADRENERGIC BLOCKING AGENTS,10/11/2018,11/6/2018,228277811,CAP SA 24H
410996,mg,20,PREDNISONE,prednisone,68040000,ADRENALS,10/11/2018,11/6/2018,143973805,TABLET    
723190,mg,100,QUETIAPINE FUMARATE,quetiapine fumarate,28160804,ATYPICAL ANTIPSYCHOTICS,10/11/2018,11/6/2018,67877025001,TABLET    
432059,mg,20,FUROSEMIDE,furosemide,40280800,LOOP DIURETICS,10/11/2018,11/6/2018,378020810,TABLET    
718220,mEq,8,KLOR-CON SPRINKLE,potassium chloride,40120000,REPLACEMENT PREPARATIONS,10/11/2018,11/6/2018,66758020201,CAPSULE ER
518475,mg,300,GABAPENTIN,gabapentin,28129200,"ANTICONVULSANTS, MISCELLANEOUS",10/11/2018,11/6/2018,16714066202,CAPSULE   
439168,,0,LO LOESTRIN FE,norethindrone-e.estradiol-iron,68120000,CONTRACEPTIVES,10/11/2018,11/6/2018,430042014,TABLET    
432543,mg,10,DICYCLOMINE HCL,dicyclomine HCl,12080800,ANTIMUSCARINICS/ANTISPASMODICS,10/11/2018,11/6/2018,378161001,CAPSULE   
682934,mg,40,ATORVASTATIN CALCIUM,atorvastatin calcium,24060800,HMG-COA REDUCTASE INHIBITORS,10/11/2018,11/6/2018,60505258008,TABLET    
590671,mcg,50,FLUTICASONE PROPIONATE,fluticasone propionate,52080800,CORTICOSTEROIDS (EENT),10/11/2018,11/6/2018,50383070016,SPRAY SUSP
739752,mg,125,NAPROXEN,naproxen,28080492,OTHER NONSTEROIDAL ANTI-INFLAM. AGENTS,10/11/2018,11/6/2018,70868020016,ORAL SUSP 
407050,mcg,0.25,CALCITRIOL,calcitriol,88160000,VITAMIN D,10/11/2018,11/6/2018,93735201,CAPSULE   
450837,mg,5,PREDNISONE,prednisone,68040000,ADRENALS,10/11/2018,11/6/2018,591505221,TAB DS PK 
647906,mg,450,VALGANCICLOVIR HCL,valganciclovir HCl,8183200,NUCLEOSIDE AND NUCLEOTIDE ANTIVIRALS,10/11/2018,11/6/2018,55111076260,TABLET    
732807,mg,4,ONDANSETRON ODT,ondansetron,56222000,5-HT3 RECEPTOR ANTAGONISTS,10/11/2018,11/6/2018,68462015713,TAB RAPDIS
444980,,0,BUTALBITAL-ASPIRIN-CAFFEINE,butalbital/aspirin/caffeine,28080424,SALICYLATES,10/11/2018,11/6/2018,527155201,CAPSULE   
717989,,0,AMOXICILLIN-CLAVULANATE POTASS,amoxicillin/potassium clav,8121608,AMINOPENICILLIN ANTIBIOTICS,10/11/2018,11/6/2018,66685100200,TABLET    
730107,mg,2.5,AMLODIPINE BESYLATE,amlodipine besylate,24280800,DIHYDROPYRIDINES,10/11/2018,11/6/2018,68180075009,TABLET    
394933,mg,4,DEXAMETHASONE,dexamethasone,68040000,ADRENALS,10/11/2018,11/6/2018,54418425,TABLET    
733083,mg,20,OMEPRAZOLE,omeprazole,56283600,PROTON-PUMP INHIBITORS,10/11/2018,11/6/2018,68462039690,CAPSULE DR
570160,mg,500,METHOCARBAMOL,methocarbamol,12200400,CENTRALLY ACTING SKELETAL MUSCLE RELAXNT,10/11/2018,11/6/2018,43547040510,TABLET    
731089,mg,50,TOPIRAMATE,topiramate,28129200,"ANTICONVULSANTS, MISCELLANEOUS",10/11/2018,11/6/2018,68382013905,TABLET    
713200,mg,625,WELCHOL,colesevelam HCl,24060400,BILE ACID SEQUESTRANTS,10/11/2018,11/6/2018,65597070118,TABLET    
452795,mg,1,LORAZEPAM,lorazepam,28240800,"BENZODIAZEPINES (ANXIOLYTIC,SEDATIV/HYP)",10/11/2018,11/6/2018,603424728,TABLET    
676397,mg,250,AZITHROMYCIN,azithromycin,8121292,OTHER MACROLIDE ANTIBIOTICS,10/11/2018,11/6/2018,59762306002,TABLET    
452600,,0,HYDROCODONE-ACETAMINOPHEN,hydrocodone/acetaminophen,28080800,OPIATE AGONISTS,10/11/2018,11/6/2018,603389121,TABLET    
413011,mg,100,FLUCONAZOLE,fluconazole,8140800,AZOLE ANTIFUNGALS,10/11/2018,11/6/2018,172541146,TABLET    
574871,mg,50,TOPIRAMATE,topiramate,28129200,"ANTICONVULSANTS, MISCELLANEOUS",10/11/2018,11/6/2018,47335071013,TABLET    
733081,mg,20,OMEPRAZOLE,omeprazole,56283600,PROTON-PUMP INHIBITORS,10/11/2018,11/6/2018,68462039610,CAPSULE DR
682029,,0,BROMPHENIRAMINE-PSEUDOEPHED-DM,brompheniramine/pseudoephed/DM,48080000,ANTITUSSIVES,10/11/2018,11/6/2018,60432027516,SYRUP     
518378,mg,300,GABAPENTIN,gabapentin,28129200,"ANTICONVULSANTS, MISCELLANEOUS",10/11/2018,11/6/2018,16714050402,CAPSULE   
609721,unit,50000,VITAMIN D2,ergocalciferol (vitamin D2),88160000,VITAMIN D,10/11/2018,11/6/2018,51991060401,CAPSULE   
647567,mg,100,SUMATRIPTAN SUCCINATE,sumatriptan succinate,28322800,SELECTIVE SEROTONIN AGONISTS,10/11/2018,11/6/2018,55111029309,TABLET    
745005,mg,0.125,HYOSCYAMINE SULFATE,hyoscyamine sulfate,12080800,ANTIMUSCARINICS/ANTISPASMODICS,10/11/2018,11/6/2018,76439030810,TABLET    
432209,mg,75,BUPROPION HCL,bupropion HCl,28160492,"ANTIDEPRESSANTS, MISCELLANEOUS",10/11/2018,11/6/2018,378043301,TABLET    
394400,mg,10,PREDNISONE,prednisone,68040000,ADRENALS,10/11/2018,11/6/2018,54001725,TABLET    
569701,mcg,200,MISOPROSTOL,misoprostol,56282800,PROSTAGLANDINS,10/11/2018,11/6/2018,43386016106,TABLET    
572514,,0,TRIAMCINOLONE ACETONIDE,triamcinolone acetonide,84060800,"CORTICOSTEROIDS (SKIN, MUCOUS MEMBRANE)",10/11/2018,11/6/2018,45802006436,CREAM (G) 
406086,mg,875,AMOXICILLIN,amoxicillin,8121608,AMINOPENICILLIN ANTIBIOTICS,10/11/2018,11/6/2018,93226401,TABLET    
450357,mg,36,METHYLPHENIDATE ER,methylphenidate HCl,28203200,RESPIRATORY AND CNS STIMULANTS,10/11/2018,11/6/2018,591271701,TAB ER 24 
575634,mg,75,OSELTAMIVIR PHOSPHATE,oseltamivir phosphate,8182800,NEURAMINIDASE INHIBITOR ANTIVIRALS,10/11/2018,11/6/2018,47781047013,CAPSULE   
624219,mg,800,IBUPROFEN,ibuprofen,28080492,OTHER NONSTEROIDAL ANTI-INFLAM. AGENTS,10/11/2018,11/6/2018,53746046605,TABLET    
609825,mg,30,DULOXETINE HCL,duloxetine HCl,28160416,"SEL.SEROTONIN,NOREPI REUPTAKE INHIBITOR",10/11/2018,11/6/2018,51991074710,CAPSULE DR
676468,mg,0.5,ALPRAZOLAM,alprazolam,28240800,"BENZODIAZEPINES (ANXIOLYTIC,SEDATIV/HYP)",10/11/2018,11/6/2018,59762372003,TABLET    
594269,mg,27,CONCERTA,methylphenidate HCl,28203200,RESPIRATORY AND CNS STIMULANTS,10/11/2018,11/6/2018,50458058801,TAB ER 24 
589215,mg,500,AZITHROMYCIN,azithromycin,8121292,OTHER MACROLIDE ANTIBIOTICS,10/11/2018,11/6/2018,50111078855,TABLET    
462189,mg,4,ONDANSETRON ODT,ondansetron,56222000,5-HT3 RECEPTOR ANTAGONISTS,10/11/2018,11/6/2018,781523864,TAB RAPDIS
410681,,0,BUTALBITAL-ACETAMINOPHEN-CAFFE,butalb/acetaminophen/caffeine,28089200,"ANALGESICS AND ANTIPYRETICS, MISC.",10/11/2018,11/6/2018,143178705,TABLET    
718722,,0,ATOVAQUONE-PROGUANIL HCL,atovaquone/proguanil HCl,8300800,ANTIMALARIALS,10/11/2018,11/6/2018,66993006002,TABLET    
572980,,0,CLINDAMYCIN PHOSPHATE,clindamycin phosphate,84040400,"ANTIBACTERIALS (SKIN, MUCOUS MEMBRANE)",10/11/2018,11/6/2018,45802056202,SOLUTION  
624211,mg,600,IBUPROFEN,ibuprofen,28080492,OTHER NONSTEROIDAL ANTI-INFLAM. AGENTS,10/11/2018,11/6/2018,53746046501,TABLET    
734327,mg,200,CELECOXIB,celecoxib,28080408,CYCLOOXYGENASE-2 (COX-2) INHIBITORS,10/11/2018,11/6/2018,69097042112,CAPSULE   
538154,mg,20,CITALOPRAM HBR,citalopram hydrobromide,28160420,SELECTIVE-SEROTONIN REUPTAKE INHIBITORS,10/11/2018,11/6/2018,31722020705,TABLET    
451098,mg,5,METHYLPHENIDATE HCL,methylphenidate HCl,28203200,RESPIRATORY AND CNS STIMULANTS,10/11/2018,11/6/2018,591588201,TABLET    
464004,mg,10,BACLOFEN,baclofen,12201200,GABA-DERIVATIVE SKELETAL MUSCLE RELAXANT,10/11/2018,11/6/2018,832102410,TABLET    
570153,mg,20,FUROSEMIDE,furosemide,40280800,LOOP DIURETICS,10/11/2018,11/6/2018,43547040111,TABLET    
676593,mcg,200,MISOPROSTOL,misoprostol,56282800,PROSTAGLANDINS,10/11/2018,11/6/2018,59762500801,TABLET    
682583,mg,4,TIZANIDINE HCL,tizanidine HCl,12200400,CENTRALLY ACTING SKELETAL MUSCLE RELAXNT,10/11/2018,11/6/2018,60505025203,TABLET    
734702,mg,20,FUROSEMIDE,furosemide,40280800,LOOP DIURETICS,10/11/2018,11/6/2018,69315011610,TABLET    
518338,mg,0.5,CLONAZEPAM,clonazepam,28120800,BENZODIAZEPINES (ANTICONVULSANTS),10/11/2018,11/6/2018,16714046901,TABLET    
433066,mg,40,ATORVASTATIN CALCIUM,atorvastatin calcium,24060800,HMG-COA REDUCTASE INHIBITORS,10/11/2018,11/6/2018,378395277,TABLET    
659355,mg,150,FLUCONAZOLE,fluconazole,8140800,AZOLE ANTIFUNGALS,10/11/2018,11/6/2018,57237000511,TABLET    
461309,,0,TRIAMTERENE-HYDROCHLOROTHIAZID,triamterene/hydrochlorothiazid,40281600,POTASSIUM-SPARING DIURETICS,10/11/2018,11/6/2018,781207401,CAPSULE   
569678,,0,GAVILYTE-C,"peg3350/sod sulf,bicarb,Cl/KCl",56120000,CATHARTICS AND LAXATIVES,10/11/2018,11/6/2018,43386006019,SOLN RECON
713730,mg,20,CITALOPRAM HBR,citalopram hydrobromide,28160420,SELECTIVE-SEROTONIN REUPTAKE INHIBITORS,10/11/2018,11/6/2018,65862000605,TABLET    
730245,mg,10,LISINOPRIL,lisinopril,24320400,ANGIOTENSIN-CONVERTING ENZYME INHIBITORS,10/11/2018,11/6/2018,68180098003,TABLET    
682305,mg,20,OMEPRAZOLE,omeprazole,56283600,PROTON-PUMP INHIBITORS,10/11/2018,11/6/2018,60505006501,CAPSULE DR
460355,mg,0.5,ALPRAZOLAM,alprazolam,28240800,"BENZODIAZEPINES (ANXIOLYTIC,SEDATIV/HYP)",10/11/2018,11/6/2018,781107705,TABLET    
538432,mg,450,VALGANCICLOVIR HCL,valganciclovir HCl,8183200,NUCLEOSIDE AND NUCLEOTIDE ANTIVIRALS,10/11/2018,11/6/2018,31722083260,TABLET    
450386,mg,500,CLARITHROMYCIN ER,clarithromycin,8121292,OTHER MACROLIDE ANTIBIOTICS,10/11/2018,11/6/2018,591280560,TAB ER 24H
733143,mg,5,ZOLMITRIPTAN,zolmitriptan,28322800,SELECTIVE SEROTONIN AGONISTS,10/11/2018,11/6/2018,68462049833,TABLET    
453642,,0,GILDESS FE,norethindrone-e.estradiol-iron,68120000,CONTRACEPTIVES,10/11/2018,11/6/2018,603760817,TABLET    
397986,mg,50,VIAGRA,sildenafil citrate,24121200,PHOSPHODIESTERASE TYPE 5 INHIBITORS,10/11/2018,11/6/2018,69421030,TABLET    
451039,mg,10,CYCLOBENZAPRINE HCL,cyclobenzaprine HCl,12200400,CENTRALLY ACTING SKELETAL MUSCLE RELAXNT,10/11/2018,11/6/2018,591565810,TABLET    
564661,,0,OXYCODONE-ACETAMINOPHEN,oxycodone HCl/acetaminophen,28080800,OPIATE AGONISTS,10/11/2018,11/6/2018,42858010201,TABLET    
433851,mg,0.2,IPRATROPIUM BROMIDE,ipratropium bromide,12080800,ANTIMUSCARINICS/ANTISPASMODICS,10/11/2018,11/6/2018,378797052,SOLUTION  
733106,,0,LIDOCAINE,lidocaine,84080000,ANTIPRURITICS AND LOCAL ANESTHETICS,10/11/2018,11/6/2018,68462041820,OINT. (G) 
406072,gram,1,SUCRALFATE,sucralfate,56283200,PROTECTANTS,10/11/2018,11/6/2018,93221001,TABLET    
675675,mg,10,PREDNISONE,prednisone,68040000,ADRENALS,10/11/2018,11/6/2018,59746017306,TABLET    
420687,mg,0.25,ALPRAZOLAM,alprazolam,28240800,"BENZODIAZEPINES (ANXIOLYTIC,SEDATIV/HYP)",10/11/2018,11/6/2018,228202796,TABLET    
436722,mg,10,METHYLPHENIDATE HCL,methylphenidate HCl,28203200,RESPIRATORY AND CNS STIMULANTS,10/11/2018,11/6/2018,406114401,TABLET    
589212,mg,250,AZITHROMYCIN,azithromycin,8121292,OTHER MACROLIDE ANTIBIOTICS,10/11/2018,11/6/2018,50111078766,TABLET    
594268,mg,54,CONCERTA,methylphenidate HCl,28203200,RESPIRATORY AND CNS STIMULANTS,10/11/2018,11/6/2018,50458058701,TAB ER 24 
461333,mg,5,TACROLIMUS,tacrolimus,92440000,IMMUNOSUPPRESSIVE AGENTS,10/11/2018,11/6/2018,781210401,CAPSULE   
675821,mg,40,CITALOPRAM HBR,citalopram hydrobromide,28160420,SELECTIVE-SEROTONIN REUPTAKE INHIBITORS,10/11/2018,11/6/2018,59746054605,TABLET    
719375,mg,0.25,ALPRAZOLAM,alprazolam,28240800,"BENZODIAZEPINES (ANXIOLYTIC,SEDATIV/HYP)",10/11/2018,11/6/2018,67253090050,TABLET    
395052,mg,5,PREDNISONE,prednisone,68040000,ADRENALS,10/11/2018,11/6/2018,54472831,TABLET    
574933,mg,100,QUETIAPINE FUMARATE,quetiapine fumarate,28160804,ATYPICAL ANTIPSYCHOTICS,10/11/2018,11/6/2018,47335090488,TABLET    
452854,mg,500,METHOCARBAMOL,methocarbamol,12200400,CENTRALLY ACTING SKELETAL MUSCLE RELAXNT,10/11/2018,11/6/2018,603448521,TABLET    
733731,mg,120,DILTIAZEM 24HR ER,diltiazem HCl,24289200,"CALCIUM-CHANNEL BLOCKING AGENTS, MISC.",10/11/2018,11/6/2018,68682099398,CAP ER 24H
723337,mg,100,BENZONATATE,benzonatate,48080000,ANTITUSSIVES,10/11/2018,11/6/2018,67877057305,CAPSULE   
674133,mcg,90,PROAIR RESPICLICK,albuterol sulfate,12120812,SELECTIVE BETA-2-ADRENERGIC AGONISTS,10/11/2018,11/6/2018,59310058020,AER POW BA
453132,mg,5,PREDNISONE,prednisone,68040000,ADRENALS,10/11/2018,11/6/2018,603533715,TAB DS PK 
450093,mg,10,DICYCLOMINE HCL,dicyclomine HCl,12080800,ANTIMUSCARINICS/ANTISPASMODICS,10/11/2018,11/6/2018,591079410,CAPSULE   
459205,mg,25,PROMETHEGAN,promethazine HCl,4041200,PHENOTHIAZINE DERIVATIVES,10/11/2018,11/6/2018,713052612,SUPP.RECT 
606179,unit,100000,NYSTATIN,nystatin,8142800,POLYENE ANTIFUNGALS,10/11/2018,11/6/2018,51672411709,ORAL SUSP 
686240,,0,NEOMYCIN-POLYMYXIN-HYDROCORT,neomycin/polymyxin B/hydrocort,52040400,ANTIBACTERIALS (EENT),10/11/2018,11/6/2018,61314064610,SOLUTION  
714236,mg,500,LEVOFLOXACIN,levofloxacin,8121800,QUINOLONE ANTIBIOTICS,10/11/2018,11/6/2018,65862053750,TABLET    
586150,mg,240,DILTIAZEM 24HR CD,diltiazem HCl,24289200,"CALCIUM-CHANNEL BLOCKING AGENTS, MISC.",10/11/2018,11/6/2018,49884083109,CAP ER 24H
432092,mg,50,ATENOLOL,atenolol,24240000,BETA-ADRENERGIC BLOCKING AGENTS,10/11/2018,11/6/2018,378023110,TABLET    
518649,mg,20,PRAVASTATIN SODIUM,pravastatin sodium,24060800,HMG-COA REDUCTASE INHIBITORS,10/11/2018,11/6/2018,16729000915,TABLET    
712068,mg,600,IBUPROFEN,ibuprofen,28080492,OTHER NONSTEROIDAL ANTI-INFLAM. AGENTS,10/11/2018,11/6/2018,65162046550,TABLET    
735197,,0,VIRTUSSIN AC,codeine phosphate/guaifenesin,48080000,ANTITUSSIVES,10/11/2018,11/6/2018,69543025216,LIQUID    
518330,mg,200,QUETIAPINE FUMARATE,quetiapine fumarate,28160804,ATYPICAL ANTIPSYCHOTICS,10/11/2018,11/6/2018,16714045501,TABLET    
647826,mg,600,IBU,ibuprofen,28080492,OTHER NONSTEROIDAL ANTI-INFLAM. AGENTS,10/11/2018,11/6/2018,55111068305,TABLET    
610725,,0,SUPREP,"sodium, potassium,mag sulfates",56120000,CATHARTICS AND LAXATIVES,10/11/2018,11/6/2018,52268001201,SOLN RECON
450342,,0,HYDROCODONE-ACETAMINOPHEN,hydrocodone/acetaminophen,28080800,OPIATE AGONISTS,10/11/2018,11/6/2018,591261205,TABLET    
729764,mg,5,MEMANTINE HCL,memantine HCl,28920000,"CENTRAL NERVOUS SYSTEM AGENTS, MISC.",10/11/2018,11/6/2018,68180022907,TABLET    
432448,mg,10,KETOROLAC TROMETHAMINE,ketorolac tromethamine,28080492,OTHER NONSTEROIDAL ANTI-INFLAM. AGENTS,10/11/2018,11/6/2018,378113401,TABLET    
444798,mg,20,DICYCLOMINE HCL,dicyclomine HCl,12080800,ANTIMUSCARINICS/ANTISPASMODICS,10/11/2018,11/6/2018,527128201,TABLET    
696903,,0,ESTRIOL MICRONIZED,estriol micronized,68160400,ESTROGENS,10/11/2018,11/6/2018,62991215904,POWDER    
729974,mg,7.5,MELOXICAM,meloxicam,28080492,OTHER NONSTEROIDAL ANTI-INFLAM. AGENTS,10/11/2018,11/6/2018,68180050101,TABLET    
451830,mEq,40,POTASSIUM CHLORIDE,potassium chloride,40120000,REPLACEMENT PREPARATIONS,10/11/2018,11/6/2018,603154358,LIQUID    
596003,mg,300,ALLOPURINOL,allopurinol,92160000,ANTIGOUT AGENTS,10/11/2018,11/6/2018,50742013605,TABLET    
538316,mg,500,METHOCARBAMOL,methocarbamol,12200400,CENTRALLY ACTING SKELETAL MUSCLE RELAXNT,10/11/2018,11/6/2018,31722053305,TABLET    
485890,,0,INSULIN SYRINGE,"syringe and needle,insulin,1mL",94000000,DEVICES,10/11/2018,11/6/2018,8290328418,DISP SYRIN
718881,mg,20,DULOXETINE HCL,duloxetine HCl,28160416,"SEL.SEROTONIN,NOREPI REUPTAKE INHIBITOR",10/11/2018,11/6/2018,66993066260,CAPSULE DR
574169,,0,SPS,sodium polystyrene sulfon/sorb,40181800,POTASSIUM-REMOVING AGENTS,10/11/2018,11/6/2018,46287000601,ORAL SUSP 
518080,mg,50,TRAMADOL HCL,tramadol HCl,28080800,OPIATE AGONISTS,10/11/2018,11/6/2018,16714011112,TABLET    
394500,mg,0.5,ROPINIROLE HCL,ropinirole HCl,28362008,NONERGOT-DERIV.DOPAMINE RECEPTOR AGONIST,10/11/2018,11/6/2018,54011725,TABLET    
582953,mg,100,GABAPENTIN,gabapentin,28129200,"ANTICONVULSANTS, MISCELLANEOUS",10/11/2018,11/6/2018,49483060550,CAPSULE   
421222,mg,0.5,CLONAZEPAM,clonazepam,28120800,BENZODIAZEPINES (ANTICONVULSANTS),10/11/2018,11/6/2018,228300311,TABLET    
710496,mg,20,DEXTROAMPHETAMINE-AMPHETAMINE,dextroamphetamine/amphetamine,28200400,AMPHETAMINES,10/11/2018,11/6/2018,64720013510,TABLET    
672833,gram,1,CARAFATE,sucralfate,56283200,PROTECTANTS,10/11/2018,11/6/2018,58914017014,ORAL SUSP 
421217,,0,OXYCODONE-ACETAMINOPHEN,oxycodone HCl/acetaminophen,28080800,OPIATE AGONISTS,10/11/2018,11/6/2018,228298150,TABLET    
675678,mg,20,PREDNISONE,prednisone,68040000,ADRENALS,10/11/2018,11/6/2018,59746017506,TABLET    
432545,mg,20,DICYCLOMINE HCL,dicyclomine HCl,12080800,ANTIMUSCARINICS/ANTISPASMODICS,10/11/2018,11/6/2018,378162001,TABLET    
405485,,0,FLUOCINONIDE,fluocinonide,84060800,"CORTICOSTEROIDS (SKIN, MUCOUS MEMBRANE)",10/11/2018,11/6/2018,93026415,OINT. (G) 
735033,unit,50000,VITAMIN D2,ergocalciferol (vitamin D2),88160000,VITAMIN D,10/11/2018,11/6/2018,69452015120,CAPSULE   
539401,,0,VALSARTAN-HYDROCHLOROTHIAZIDE,valsartan/hydrochlorothiazide,24320800,ANGIOTENSIN II RECEPTOR ANTAGONISTS,10/11/2018,11/6/2018,33342007610,TABLET    
569714,,0,HYDROCODONE-ACETAMINOPHEN,hydrocodone/acetaminophen,28080800,OPIATE AGONISTS,10/11/2018,11/6/2018,43386035601,TABLET    
413596,mcg,110,FLOVENT HFA,fluticasone propionate,48100808,ORALLY INHALED PREPARATIONS (STEROIDS),10/11/2018,11/6/2018,173071920,AER W/ADAP
406149,mg,500,AMOXICILLIN,amoxicillin,8121608,AMINOPENICILLIN ANTIBIOTICS,10/11/2018,11/6/2018,93310905,CAPSULE   
729703,mg,5,ESCITALOPRAM OXALATE,escitalopram oxalate,28160420,SELECTIVE-SEROTONIN REUPTAKE INHIBITORS,10/11/2018,11/6/2018,68180013701,TABLET    
518681,mg,5,TACROLIMUS,tacrolimus,92440000,IMMUNOSUPPRESSIVE AGENTS,10/11/2018,11/6/2018,16729004301,CAPSULE   
450333,,0,HYDROCODONE-ACETAMINOPHEN,hydrocodone/acetaminophen,28080800,OPIATE AGONISTS,10/11/2018,11/6/2018,591260505,TABLET    
405297,mg,40,PANTOPRAZOLE SODIUM,pantoprazole sodium,56283600,PROTON-PUMP INHIBITORS,10/11/2018,11/6/2018,93001298,TABLET DR 
518349,mg,50,TRAMADOL HCL,tramadol HCl,28080800,OPIATE AGONISTS,10/11/2018,11/6/2018,16714048101,TABLET    
512107,mg,30,DEXTROAMPHETAMINE-AMPHETAMINE,dextroamphetamine/amphetamine,28200400,AMPHETAMINES,10/11/2018,11/6/2018,13107007401,TABLET    
733460,mg,10,CYCLOBENZAPRINE HCL,cyclobenzaprine HCl,12200400,CENTRALLY ACTING SKELETAL MUSCLE RELAXNT,10/11/2018,11/6/2018,68645045090,TABLET    
496340,mg,5,OXYCODONE HCL,oxycodone HCl,28080800,OPIATE AGONISTS,10/11/2018,11/6/2018,10702001801,TABLET    
518151,mg,500,AMOXICILLIN,amoxicillin,8121608,AMINOPENICILLIN ANTIBIOTICS,10/11/2018,11/6/2018,16714029904,CAPSULE   
647368,mg,500,CIPROFLOXACIN HCL,ciprofloxacin HCl,8121800,QUINOLONE ANTIBIOTICS,10/11/2018,11/6/2018,55111012705,TABLET    
450908,mg,10,PREDNISONE,prednisone,68040000,ADRENALS,10/11/2018,11/6/2018,591544210,TABLET    
729815,mg,500,CEFUROXIME,cefuroxime axetil,8120608,2ND GENERATION CEPHALOSPORIN ANTIBIOTICS,10/11/2018,11/6/2018,68180030360,TABLET    
712087,mg,75,INDOMETHACIN ER,indomethacin,28080492,OTHER NONSTEROIDAL ANTI-INFLAM. AGENTS,10/11/2018,11/6/2018,65162050609,CAPSULE ER
606178,unit,100000,NYSTATIN,nystatin,8142800,POLYENE ANTIFUNGALS,10/11/2018,11/6/2018,51672411704,ORAL SUSP 
659396,mg,875,AMOXICILLIN,amoxicillin,8121608,AMINOPENICILLIN ANTIBIOTICS,10/11/2018,11/6/2018,57237002901,TABLET    
734380,mg,40,CITALOPRAM HBR,citalopram hydrobromide,28160420,SELECTIVE-SEROTONIN REUPTAKE INHIBITORS,10/11/2018,11/6/2018,69097082412,TABLET    
453139,mg,10,PREDNISONE,prednisone,68040000,ADRENALS,10/11/2018,11/6/2018,603533831,TAB DS PK 
575598,mg,50,NITROFURANTOIN,nitrofurantoin macrocrystal,8360000,URINARY ANTI-INFECTIVES,10/11/2018,11/6/2018,47781030701,CAPSULE   
432748,mg,0.5,LORAZEPAM,lorazepam,28240800,"BENZODIAZEPINES (ANXIOLYTIC,SEDATIV/HYP)",10/11/2018,11/6/2018,378232101,TABLET    
712109,mg,25,PROMETHAZINE HCL,promethazine HCl,4041200,PHENOTHIAZINE DERIVATIVES,10/11/2018,11/6/2018,65162052110,TABLET    
714027,mg,300,GABAPENTIN,gabapentin,28129200,"ANTICONVULSANTS, MISCELLANEOUS",10/11/2018,11/6/2018,65862019901,CAPSULE   
394802,mcg,50,FLUTICASONE PROPIONATE,fluticasone propionate,52080800,CORTICOSTEROIDS (EENT),10/11/2018,11/6/2018,54327099,SPRAY SUSP
589210,mg,250,AZITHROMYCIN,azithromycin,8121292,OTHER MACROLIDE ANTIBIOTICS,10/11/2018,11/6/2018,50111078751,TABLET    
735215,mg,100,PROGESTERONE,"progesterone, micronized",68320000,PROGESTINS,10/11/2018,11/6/2018,69543037410,CAPSULE   
512584,mg,5,ZOLPIDEM TARTRATE,zolpidem tartrate,28249200,"ANXIOLYTICS,SEDATIVES,AND HYPNOTICS,MISC",10/11/2018,11/6/2018,13668000705,TABLET    
448529,mg,30,DEXTROAMPHETAMINE-AMPHETAMINE,dextroamphetamine/amphetamine,28200400,AMPHETAMINES,10/11/2018,11/6/2018,555097402,TABLET    
683034,mg,5,ARIPIPRAZOLE,aripiprazole,28160804,ATYPICAL ANTIPSYCHOTICS,10/11/2018,11/6/2018,60505267303,TABLET    
733185,,0,MUPIROCIN,mupirocin calcium,84040400,"ANTIBACTERIALS (SKIN, MUCOUS MEMBRANE)",10/11/2018,11/6/2018,68462056417,CREAM (G) 
675219,unit,10000,PROCRIT,epoetin alfa,20160000,HEMATOPOIETIC AGENTS,10/11/2018,11/6/2018,59676031001,VIAL      
411783,,0,HYDROCORTISONE,hydrocortisone,84060800,"CORTICOSTEROIDS (SKIN, MUCOUS MEMBRANE)",10/11/2018,11/6/2018,168008031,CREAM (G) 
527781,mg,5,METHIMAZOLE,methimazole,68360800,ANTITHYROID AGENTS,10/11/2018,11/6/2018,23155007001,TABLET    
734427,mg,250,TERBINAFINE HCL,terbinafine HCl,8140400,ALLYLAMINE ANTIFUNGALS,10/11/2018,11/6/2018,69097085902,TABLET    
709682,,0,HYDROCODONE-ACETAMINOPHEN,hydrocodone/acetaminophen,28080800,OPIATE AGONISTS,10/11/2018,11/6/2018,64376064901,TABLET    
450344,,0,BUTALBITAL-ACETAMINOPHEN-CAFFE,butalb/acetaminophen/caffeine,28089200,"ANALGESICS AND ANTIPYRETICS, MISC.",10/11/2018,11/6/2018,591264005,CAPSULE   
527826,mg,0.5,ROPINIROLE HCL,ropinirole HCl,28362008,NONERGOT-DERIV.DOPAMINE RECEPTOR AGONIST,10/11/2018,11/6/2018,23155012201,TABLET    
676505,mg,10,MEDROXYPROGESTERONE ACETATE,medroxyprogesterone acetate,68320000,PROGESTINS,10/11/2018,11/6/2018,59762374202,TABLET    
407152,mg,10,RIZATRIPTAN,rizatriptan benzoate,28322800,SELECTIVE SEROTONIN AGONISTS,10/11/2018,11/6/2018,93747243,TABLET    
495303,mg,300,BUPROPION XL,bupropion HCl,28160492,"ANTIDEPRESSANTS, MISCELLANEOUS",10/11/2018,11/6/2018,10370010203,TAB ER 24H
412496,mg,5,DIAZEPAM,diazepam,28240800,"BENZODIAZEPINES (ANXIOLYTIC,SEDATIV/HYP)",10/11/2018,11/6/2018,172392670,TABLET    
582949,mg,600,IBUPROFEN,ibuprofen,28080492,OTHER NONSTEROIDAL ANTI-INFLAM. AGENTS,10/11/2018,11/6/2018,49483060350,TABLET    
444859,mcg,100,LEVOTHYROXINE SODIUM,levothyroxine sodium,68360400,THYROID AGENTS,10/11/2018,11/6/2018,527134510,TABLET    
564662,,0,OXYCODONE-ACETAMINOPHEN,oxycodone HCl/acetaminophen,28080800,OPIATE AGONISTS,10/11/2018,11/6/2018,42858010250,TABLET    
659427,mg,500,CLARITHROMYCIN,clarithromycin,8121292,OTHER MACROLIDE ANTIBIOTICS,10/11/2018,11/6/2018,57237004560,TABLET    
531916,,0,POLYMYXIN B SUL-TRIMETHOPRIM,polymyxin B sulf/trimethoprim,52040400,ANTIBACTERIALS (EENT),10/11/2018,11/6/2018,24208031510,DROPS     
714252,mg,40,PANTOPRAZOLE SODIUM,pantoprazole sodium,56283600,PROTON-PUMP INHIBITORS,10/11/2018,11/6/2018,65862056090,TABLET DR 
406277,mg,400,AMOXICILLIN,amoxicillin,8121608,AMINOPENICILLIN ANTIBIOTICS,10/11/2018,11/6/2018,93416178,SUSP RECON
