UPDT_DT,SRVC_CATGY_DESC,SRVC_CATGY_CD,PROC_END_DT,PROC_DESC,PROC_CD,PROC_DECM_CD,LOAD_DT,GDR_LMT_CD,ASG_GRP_CD,AHRQ_PROC_GENL_CATGY_DESC,AHRQ_PROC_GENL_CATGY_CD,AHRQ_PROC_DTL_CATGY_DESC,AHRQ_PROC_DTL_CATGY_CD,VST_CD,PROC_CD_SYS_ID,PROC_TYP_CD
11/6/2018,RADIOLOGY - DIAGNOSTIC RADIOLOGY (DIAGNOSTIC IMAGING) - LOWER EXTREMITIES,664,12/31/9999,"X-RAY EXAM OF KNEE, 1 OR 2",73560,73560,8/18/2015, , ,MISC DIAG THERAPEUTIC,16,OTHER DIAGNOSTIC RADIOLOGY,226, ,162200,CPT-4
11/6/2018,RADIOLOGY - DIAGNOSTIC RADIOLOGY (DIAGNOSTIC IMAGING) - LOWER EXTREMITIES  MRI OR CAT,666,12/31/9999,MRI LWR EXTREMITY W/O&W/DYE,73720,73720,8/18/2015, , ,MISC DIAG THERAPEUTIC,16,MAGNETIC RESONANCE IMAGING,198, ,162406,CPT-4
11/6/2018,,   ,12/31/9999,UNKNOWN PROCEDURE,       ,        ,8/18/2015,U, ,MISC DIAG THERAPEUTIC,16,NOT ASSIGNED,999, ,3,UNKN 
11/6/2018,RADIOLOGY - DIAGNOSTIC RADIOLOGY (DIAGNOSTIC IMAGING) - LOWER EXTREMITIES,664,12/31/9999,X-RAY EXAM OF ANKLE,73610,73610,8/18/2015, , ,MISC DIAG THERAPEUTIC,16,OTHER DIAGNOSTIC RADIOLOGY,226, ,162466,CPT-4
